{
  "comparisons": [
    {
      "prompt_length": 1024,
      "speedups": {
        "learned_selector": {
          "vs_exact": 3.2529281984993594,
          "vs_shortlist": 3.375383665979149
        }
      },
      "variants": {
        "exact": {
          "chunk_assembly_ms_step": 0.8677311707288027,
          "decode_ms_per_step": 485.96312350127846,
          "decode_ms_per_step_p95": 492.32300044968724,
          "kv_resident_mib": 25.0,
          "m0_fraction": 1.0,
          "m0_pages": 32768,
          "m3_fraction": 0.0,
          "m3_pages": 0,
          "measured_runs": 5,
          "measurement_kind": "aggregate",
          "metadata_read_kib_step": 7571.609375,
          "mix_ms_step": 205.31896626926027,
          "payload_read_mib_step": 16.28125,
          "prefill_ms": 989.9656930938363,
          "prepare_ms_step": 0.0,
          "prompt_length": 1024,
          "resident_mib": 36.87890625,
          "score_ms_step": 206.70564996544272,
          "selector_enabled": false,
          "selector_invocations": 0,
          "selector_ms_total": 0.0,
          "selector_us_per_invocation": null,
          "shortlist_selected_pages": 0,
          "shortlist_total_pages": 0,
          "softmax_ms_step": 0.7835965952835977,
          "unpack_ms_step": 0.0,
          "warmup_runs": 1
        },
        "learned_selector": {
          "chunk_assembly_ms_step": 0.8587399788666517,
          "decode_ms_per_step": 149.39251463511027,
          "decode_ms_per_step_p95": 150.88683534995653,
          "kv_resident_mib": 64.78515625,
          "m0_fraction": 0.00537109375,
          "m0_pages": 176,
          "m3_fraction": 0.99462890625,
          "m3_pages": 32592,
          "measured_runs": 5,
          "measurement_kind": "aggregate",
          "metadata_read_kib_step": 3497.609375,
          "mix_ms_step": 35.910143837099895,
          "payload_read_mib_step": 64.0234375,
          "prefill_ms": 1100.1976798288524,
          "prepare_ms_step": 0.0,
          "prompt_length": 1024,
          "resident_mib": 95.2998046875,
          "score_ms_step": 39.705407922156155,
          "selector_enabled": true,
          "selector_invocations": 32768,
          "selector_ms_total": 813.6089795734733,
          "selector_us_per_invocation": 24.829375597335,
          "shortlist_selected_pages": 0,
          "shortlist_total_pages": 0,
          "softmax_ms_step": 0.7585801940876991,
          "unpack_ms_step": 0.0,
          "warmup_runs": 1
        },
        "shortlist_base": {
          "chunk_assembly_ms_step": 0.8729214023333043,
          "decode_ms_per_step": 504.25705371890217,
          "decode_ms_per_step_p95": 521.5369056153577,
          "kv_resident_mib": 25.0,
          "m0_fraction": 1.0,
          "m0_pages": 32768,
          "m3_fraction": 0.0,
          "m3_pages": 0,
          "measured_runs": 5,
          "measurement_kind": "aggregate",
          "metadata_read_kib_step": 7571.609375,
          "mix_ms_step": 209.31117224972695,
          "payload_read_mib_step": 16.28125,
          "prefill_ms": 980.1354121882468,
          "prepare_ms_step": 0.0,
          "prompt_length": 1024,
          "resident_mib": 36.87890625,
          "score_ms_step": 211.76148625090718,
          "selector_enabled": false,
          "selector_invocations": 0,
          "selector_ms_total": 0.0,
          "selector_us_per_invocation": null,
          "shortlist_selected_pages": 33280,
          "shortlist_total_pages": 33280,
          "softmax_ms_step": 0.8127095352392644,
          "unpack_ms_step": 0.0,
          "warmup_runs": 1
        }
      }
    },
    {
      "prompt_length": 2048,
      "speedups": {
        "learned_selector": {
          "vs_exact": 3.480408613890951,
          "vs_shortlist": 2.6537192271947148
        }
      },
      "variants": {
        "exact": {
          "chunk_assembly_ms_step": 0.8921874687075615,
          "decode_ms_per_step": 821.4117659954354,
          "decode_ms_per_step_p95": 821.9595888222102,
          "kv_resident_mib": 49.0,
          "m0_fraction": 1.0,
          "m0_pages": 65536,
          "m3_fraction": 0.0,
          "m3_pages": 0,
          "measured_runs": 5,
          "measurement_kind": "aggregate",
          "metadata_read_kib_step": 15098.609375,
          "mix_ms_step": 372.10598145611584,
          "payload_read_mib_step": 32.28125,
          "prefill_ms": 1506.955236196518,
          "prepare_ms_step": 0.0,
          "prompt_length": 2048,
          "resident_mib": 72.75390625,
          "score_ms_step": 370.33517213421874,
          "selector_enabled": false,
          "selector_invocations": 0,
          "selector_ms_total": 0.0,
          "selector_us_per_invocation": null,
          "shortlist_selected_pages": 0,
          "shortlist_total_pages": 0,
          "softmax_ms_step": 0.7308618223760277,
          "unpack_ms_step": 0.0,
          "warmup_runs": 1
        },
        "learned_selector": {
          "chunk_assembly_ms_step": 0.9022422600537539,
          "decode_ms_per_step": 236.0101520025637,
          "decode_ms_per_step_p95": 238.2581746787764,
          "kv_resident_mib": 128.638671875,
          "m0_fraction": 0.0045166015625,
          "m0_pages": 296,
          "m3_fraction": 0.9954833984375,
          "m3_pages": 65240,
          "measured_runs": 5,
          "measurement_kind": "aggregate",
          "metadata_read_kib_step": 6943.609375,
          "mix_ms_step": 68.35815872182138,
          "payload_read_mib_step": 127.84765625,
          "prefill_ms": 1418.5783669818193,
          "prepare_ms_step": 0.0,
          "prompt_length": 2048,
          "resident_mib": 180.70703125,
          "score_ms_step": 81.96009063976817,
          "selector_enabled": true,
          "selector_invocations": 114688,
          "selector_ms_total": 2862.545249518007,
          "selector_us_per_invocation": 24.959413796718113,
          "shortlist_selected_pages": 0,
          "shortlist_total_pages": 0,
          "softmax_ms_step": 0.7641377742402256,
          "unpack_ms_step": 0.0,
          "warmup_runs": 1
        },
        "shortlist_base": {
          "chunk_assembly_ms_step": 0.8886964642442763,
          "decode_ms_per_step": 626.3046781823505,
          "decode_ms_per_step_p95": 641.5719274256844,
          "kv_resident_mib": 49.0,
          "m0_fraction": 1.0,
          "m0_pages": 65536,
          "m3_fraction": 0.0,
          "m3_pages": 0,
          "measured_runs": 5,
          "measurement_kind": "aggregate",
          "metadata_read_kib_step": 9929.17578125,
          "mix_ms_step": 263.6061899829656,
          "payload_read_mib_step": 21.28125,
          "prefill_ms": 1397.8420582134277,
          "prepare_ms_step": 0.0,
          "prompt_length": 2048,
          "resident_mib": 72.3828125,
          "score_ms_step": 267.55142843467183,
          "selector_enabled": false,
          "selector_invocations": 0,
          "selector_ms_total": 0.0,
          "selector_us_per_invocation": null,
          "shortlist_selected_pages": 43520,
          "shortlist_total_pages": 66048,
          "softmax_ms_step": 0.8405108819715679,
          "unpack_ms_step": 0.0,
          "warmup_runs": 1
        }
      }
    }
  ],
  "inputs": {
    "exact": "/workspace/DotCache/benchmarks/results/qwen_results_matrix_20260404/qwen35_27b/backend_truth/qwen35_9b_dotcache_exact_serving.jsonl",
    "learned": "/workspace/DotCache/benchmarks/results/qwen_results_matrix_20260404/qwen35_27b/backend_truth/qwen35_9b_dotcache_learned_selector_serving.jsonl",
    "learned_k_only": null,
    "learned_v_only": null,
    "shortlist": "/workspace/DotCache/benchmarks/results/qwen_results_matrix_20260404/qwen35_27b/backend_truth/qwen35_9b_dotcache_shortlist_base_serving.jsonl"
  }
}
