{
  "artifact_type": "linear_selector_model",
  "bias": [
    -0.511005163192749,
    0.5110052227973938
  ],
  "classes": [
    "M0/affine/4",
    "M3/affine/4/float16"
  ],
  "feature_mean": [
    0.5,
    0.5,
    0.5292665958404541,
    0.5045574307441711,
    5.8383049964904785,
    2.729020595550537,
    11.0546875,
    256.0,
    1.3377659320831299,
    2.0870933532714844,
    2.761444330215454,
    0.002842426300048828,
    11.27001953125
  ],
  "feature_names": [
    "stage_decode",
    "kind_key",
    "layer_fraction",
    "kv_head_fraction",
    "log_token_start",
    "log_token_age",
    "token_count",
    "head_dim",
    "trace_rms",
    "log_trace_abs_max",
    "trace_channel_range_mean",
    "trace_outlier_fraction",
    "age_per_token"
  ],
  "feature_std": [
    0.5,
    0.5,
    0.2964820861816406,
    0.37381255626678467,
    1.0649906396865845,
    2.839647054672241,
    5.142963886260986,
    1.0,
    0.8224721550941467,
    0.5307889580726624,
    1.4727833271026611,
    0.0038434448651969433,
    16.79336166381836
  ],
  "weight": [
    [
      -0.0005285445367917418,
      0.0005285418010316789
    ],
    [
      0.4855469763278961,
      -0.4855470657348633
    ],
    [
      0.06800922751426697,
      -0.06800924241542816
    ],
    [
      0.1322571039199829,
      -0.13225705921649933
    ],
    [
      -0.11587902903556824,
      0.11587906628847122
    ],
    [
      0.042575087398290634,
      -0.04257509857416153
    ],
    [
      -0.2706347703933716,
      0.27063482999801636
    ],
    [
      0.0,
      0.0
    ],
    [
      0.7803146839141846,
      -0.7803146839141846
    ],
    [
      -1.4613786935806274,
      1.461378574371338
    ],
    [
      0.47162020206451416,
      -0.4716202914714813
    ],
    [
      -0.37660765647888184,
      0.3766076862812042
    ],
    [
      0.024587592110037804,
      -0.024587566033005714
    ]
  ]
}
