{
  "comparisons": [
    {
      "prompt_length": 1024,
      "speedups": {
        "learned_selector": {
          "vs_exact": 3.030069179086471,
          "vs_shortlist": 3.0379642479718822
        }
      },
      "variants": {
        "exact": {
          "chunk_assembly_ms_step": 0.8684480853844434,
          "decode_ms_per_step": 520.8552314725239,
          "decode_ms_per_step_p95": 520.8552314725239,
          "kv_resident_mib": 25.0,
          "m0_fraction": 1.0,
          "m0_pages": 8192,
          "m3_fraction": 0.0,
          "m3_pages": 0,
          "measured_runs": 1,
          "measurement_kind": null,
          "metadata_read_kib_step": 7571.609375,
          "mix_ms_step": 213.06593171902932,
          "payload_read_mib_step": 16.28125,
          "prefill_ms": 1417.727136053145,
          "prepare_ms_step": 0.0,
          "prompt_length": 1024,
          "resident_mib": 36.87890625,
          "score_ms_step": 214.76138816797175,
          "selector_enabled": false,
          "selector_invocations": 0,
          "selector_ms_total": 0.0,
          "selector_us_per_invocation": null,
          "shortlist_selected_pages": 0,
          "shortlist_total_pages": 0,
          "softmax_ms_step": 1.7125189770013094,
          "unpack_ms_step": 0.0,
          "warmup_runs": 0
        },
        "learned_selector": {
          "chunk_assembly_ms_step": 0.8805014367680997,
          "decode_ms_per_step": 171.89549171598628,
          "decode_ms_per_step_p95": 171.89549171598628,
          "kv_resident_mib": 64.78515625,
          "m0_fraction": 0.00537109375,
          "m0_pages": 44,
          "m3_fraction": 0.99462890625,
          "m3_pages": 8148,
          "measured_runs": 1,
          "measurement_kind": null,
          "metadata_read_kib_step": 3497.609375,
          "mix_ms_step": 38.0376978428103,
          "payload_read_mib_step": 64.0234375,
          "prefill_ms": 1311.0852658282965,
          "prepare_ms_step": 0.0,
          "prompt_length": 1024,
          "resident_mib": 95.2998046875,
          "score_ms_step": 44.04559437534772,
          "selector_enabled": true,
          "selector_invocations": 8192,
          "selector_ms_total": 204.4305910822004,
          "selector_us_per_invocation": 24.954906137963917,
          "shortlist_selected_pages": 0,
          "shortlist_total_pages": 0,
          "softmax_ms_step": 1.5816984814591706,
          "unpack_ms_step": 0.0,
          "warmup_runs": 0
        },
        "shortlist_base": {
          "chunk_assembly_ms_step": 0.8713920833542943,
          "decode_ms_per_step": 522.2123582207132,
          "decode_ms_per_step_p95": 522.2123582207132,
          "kv_resident_mib": 25.0,
          "m0_fraction": 1.0,
          "m0_pages": 8192,
          "m3_fraction": 0.0,
          "m3_pages": 0,
          "measured_runs": 1,
          "measurement_kind": null,
          "metadata_read_kib_step": 7571.609375,
          "mix_ms_step": 209.8618056916166,
          "payload_read_mib_step": 16.28125,
          "prefill_ms": 1430.703543126583,
          "prepare_ms_step": 0.0,
          "prompt_length": 1024,
          "resident_mib": 36.87890625,
          "score_ms_step": 213.1610029609874,
          "selector_enabled": false,
          "selector_invocations": 0,
          "selector_ms_total": 0.0,
          "selector_us_per_invocation": null,
          "shortlist_selected_pages": 33280,
          "shortlist_total_pages": 33280,
          "softmax_ms_step": 1.7243979091290385,
          "unpack_ms_step": 0.0,
          "warmup_runs": 0
        }
      }
    },
    {
      "prompt_length": 2048,
      "speedups": {
        "learned_selector": {
          "vs_exact": 3.66485695351018,
          "vs_shortlist": 2.7162949261206246
        }
      },
      "variants": {
        "exact": {
          "chunk_assembly_ms_step": 0.888178328750655,
          "decode_ms_per_step": 838.4348688996397,
          "decode_ms_per_step_p95": 838.4348688996397,
          "kv_resident_mib": 49.0,
          "m0_fraction": 1.0,
          "m0_pages": 16384,
          "m3_fraction": 0.0,
          "m3_pages": 0,
          "measured_runs": 1,
          "measurement_kind": null,
          "metadata_read_kib_step": 15098.609375,
          "mix_ms_step": 378.49632286815904,
          "payload_read_mib_step": 32.28125,
          "prefill_ms": 1660.683197202161,
          "prepare_ms_step": 0.0,
          "prompt_length": 2048,
          "resident_mib": 72.75390625,
          "score_ms_step": 378.6146820348222,
          "selector_enabled": false,
          "selector_invocations": 0,
          "selector_ms_total": 0.0,
          "selector_us_per_invocation": null,
          "shortlist_selected_pages": 0,
          "shortlist_total_pages": 0,
          "softmax_ms_step": 0.7887409010436386,
          "unpack_ms_step": 0.0,
          "warmup_runs": 0
        },
        "learned_selector": {
          "chunk_assembly_ms_step": 0.9205940586980432,
          "decode_ms_per_step": 228.7769698887132,
          "decode_ms_per_step_p95": 228.7769698887132,
          "kv_resident_mib": 128.638671875,
          "m0_fraction": 0.0045166015625,
          "m0_pages": 74,
          "m3_fraction": 0.9954833984375,
          "m3_pages": 16310,
          "measured_runs": 1,
          "measurement_kind": null,
          "metadata_read_kib_step": 6943.609375,
          "mix_ms_step": 67.00687733246014,
          "payload_read_mib_step": 127.84765625,
          "prefill_ms": 1585.2872929535806,
          "prepare_ms_step": 0.0,
          "prompt_length": 2048,
          "resident_mib": 180.70703125,
          "score_ms_step": 79.92163908784278,
          "selector_enabled": true,
          "selector_invocations": 24576,
          "selector_ms_total": 610.0320522673428,
          "selector_us_per_invocation": 24.822267751763622,
          "shortlist_selected_pages": 0,
          "shortlist_total_pages": 0,
          "softmax_ms_step": 0.7198633393272758,
          "unpack_ms_step": 0.0,
          "warmup_runs": 0
        },
        "shortlist_base": {
          "chunk_assembly_ms_step": 0.8889047603588551,
          "decode_ms_per_step": 621.4257225219626,
          "decode_ms_per_step_p95": 621.4257225219626,
          "kv_resident_mib": 49.0,
          "m0_fraction": 1.0,
          "m0_pages": 16384,
          "m3_fraction": 0.0,
          "m3_pages": 0,
          "measured_runs": 1,
          "measurement_kind": null,
          "metadata_read_kib_step": 9929.176025390625,
          "mix_ms_step": 262.76505945133977,
          "payload_read_mib_step": 21.28125,
          "prefill_ms": 1550.7503908593208,
          "prepare_ms_step": 0.0,
          "prompt_length": 2048,
          "resident_mib": 72.3828125,
          "score_ms_step": 265.0178323383443,
          "selector_enabled": false,
          "selector_invocations": 0,
          "selector_ms_total": 0.0,
          "selector_us_per_invocation": null,
          "shortlist_selected_pages": 43520,
          "shortlist_total_pages": 66048,
          "softmax_ms_step": 0.807683973107487,
          "unpack_ms_step": 0.0,
          "warmup_runs": 0
        }
      }
    }
  ],
  "inputs": {
    "exact": "benchmarks/results/qwen35_27b_backend_truth_20260404_native/qwen35_9b_dotcache_exact_serving.jsonl",
    "learned": "benchmarks/results/qwen35_27b_backend_truth_20260404_native/qwen35_9b_dotcache_learned_selector_serving.jsonl",
    "learned_k_only": null,
    "learned_v_only": null,
    "shortlist": "benchmarks/results/qwen35_27b_backend_truth_20260404_native/qwen35_9b_dotcache_shortlist_base_serving.jsonl"
  }
}
