{
  "comparisons": [
    {
      "prompt_length": 1024,
      "speedups": {
        "learned_selector": {
          "vs_exact": 3.001013851078956,
          "vs_shortlist": 3.103498143004882
        }
      },
      "variants": {
        "exact": {
          "chunk_assembly_ms_step": 0.861002947203815,
          "decode_ms_per_step": 507.43743652128614,
          "decode_ms_per_step_p95": 507.43743652128614,
          "kv_resident_mib": 25.0,
          "m0_fraction": 1.0,
          "m0_pages": 8192,
          "m3_fraction": 0.0,
          "m3_pages": 0,
          "measured_runs": 1,
          "measurement_kind": null,
          "metadata_read_kib_step": 7571.609375,
          "mix_ms_step": 207.97382833552547,
          "payload_read_mib_step": 16.28125,
          "prefill_ms": 1480.5445219390094,
          "prepare_ms_step": 0.0,
          "prompt_length": 1024,
          "resident_mib": 36.87890625,
          "score_ms_step": 208.93926903954707,
          "selector_enabled": false,
          "selector_invocations": 0,
          "selector_ms_total": 0.0,
          "selector_us_per_invocation": null,
          "shortlist_selected_pages": 0,
          "shortlist_total_pages": 0,
          "softmax_ms_step": 1.7723715864121914,
          "unpack_ms_step": 0.0,
          "warmup_runs": 0
        },
        "learned_selector": {
          "chunk_assembly_ms_step": 0.8580283029004931,
          "decode_ms_per_step": 169.08866859739646,
          "decode_ms_per_step_p95": 169.08866859739646,
          "kv_resident_mib": 64.78515625,
          "m0_fraction": 0.00537109375,
          "m0_pages": 44,
          "m3_fraction": 0.99462890625,
          "m3_pages": 8148,
          "measured_runs": 1,
          "measurement_kind": null,
          "metadata_read_kib_step": 3497.609375,
          "mix_ms_step": 36.76512886886485,
          "payload_read_mib_step": 64.0234375,
          "prefill_ms": 1516.4607879705727,
          "prepare_ms_step": 0.0,
          "prompt_length": 1024,
          "resident_mib": 95.2998046875,
          "score_ms_step": 42.31906303903088,
          "selector_enabled": true,
          "selector_invocations": 8192,
          "selector_ms_total": 201.2468462344259,
          "selector_us_per_invocation": 24.566265409475818,
          "shortlist_selected_pages": 0,
          "shortlist_total_pages": 0,
          "softmax_ms_step": 1.5623363142367452,
          "unpack_ms_step": 0.0,
          "warmup_runs": 0
        },
        "shortlist_base": {
          "chunk_assembly_ms_step": 0.8832865860313177,
          "decode_ms_per_step": 524.7663689951878,
          "decode_ms_per_step_p95": 524.7663689951878,
          "kv_resident_mib": 25.0,
          "m0_fraction": 1.0,
          "m0_pages": 8192,
          "m3_fraction": 0.0,
          "m3_pages": 0,
          "measured_runs": 1,
          "measurement_kind": null,
          "metadata_read_kib_step": 7571.609375,
          "mix_ms_step": 211.06871790834703,
          "payload_read_mib_step": 16.28125,
          "prefill_ms": 1437.9287720657885,
          "prepare_ms_step": 0.0,
          "prompt_length": 1024,
          "resident_mib": 36.87890625,
          "score_ms_step": 214.0498946828302,
          "selector_enabled": false,
          "selector_invocations": 0,
          "selector_ms_total": 0.0,
          "selector_us_per_invocation": null,
          "shortlist_selected_pages": 33280,
          "shortlist_total_pages": 33280,
          "softmax_ms_step": 1.6718997212592512,
          "unpack_ms_step": 0.0,
          "warmup_runs": 0
        }
      }
    },
    {
      "prompt_length": 2048,
      "speedups": {
        "learned_selector": {
          "vs_exact": 3.680599187237888,
          "vs_shortlist": 2.8677617296292293
        }
      },
      "variants": {
        "exact": {
          "chunk_assembly_ms_step": 0.8707309316378087,
          "decode_ms_per_step": 824.9792244459968,
          "decode_ms_per_step_p95": 824.9792244459968,
          "kv_resident_mib": 49.0,
          "m0_fraction": 1.0,
          "m0_pages": 16384,
          "m3_fraction": 0.0,
          "m3_pages": 0,
          "measured_runs": 1,
          "measurement_kind": null,
          "metadata_read_kib_step": 15098.609375,
          "mix_ms_step": 373.7922308500856,
          "payload_read_mib_step": 32.28125,
          "prefill_ms": 1574.1185781080276,
          "prepare_ms_step": 0.0,
          "prompt_length": 2048,
          "resident_mib": 72.75390625,
          "score_ms_step": 372.00531965936534,
          "selector_enabled": false,
          "selector_invocations": 0,
          "selector_ms_total": 0.0,
          "selector_us_per_invocation": null,
          "shortlist_selected_pages": 0,
          "shortlist_total_pages": 0,
          "softmax_ms_step": 0.7246961758937687,
          "unpack_ms_step": 0.0,
          "warmup_runs": 0
        },
        "learned_selector": {
          "chunk_assembly_ms_step": 0.8837227651383728,
          "decode_ms_per_step": 224.1426415857859,
          "decode_ms_per_step_p95": 224.1426415857859,
          "kv_resident_mib": 128.638671875,
          "m0_fraction": 0.0045166015625,
          "m0_pages": 74,
          "m3_fraction": 0.9954833984375,
          "m3_pages": 16310,
          "measured_runs": 1,
          "measurement_kind": null,
          "metadata_read_kib_step": 6943.609375,
          "mix_ms_step": 66.10275147249922,
          "payload_read_mib_step": 127.84765625,
          "prefill_ms": 1529.948117909953,
          "prepare_ms_step": 0.0,
          "prompt_length": 2048,
          "resident_mib": 180.70703125,
          "score_ms_step": 77.84543809248134,
          "selector_enabled": true,
          "selector_invocations": 24576,
          "selector_ms_total": 608.5321167483926,
          "selector_us_per_invocation": 24.761235219254257,
          "shortlist_selected_pages": 0,
          "shortlist_total_pages": 0,
          "softmax_ms_step": 0.7088687270879745,
          "unpack_ms_step": 0.0,
          "warmup_runs": 0
        },
        "shortlist_base": {
          "chunk_assembly_ms_step": 0.8924248395487666,
          "decode_ms_per_step": 642.7876895177178,
          "decode_ms_per_step_p95": 642.7876895177178,
          "kv_resident_mib": 49.0,
          "m0_fraction": 1.0,
          "m0_pages": 16384,
          "m3_fraction": 0.0,
          "m3_pages": 0,
          "measured_runs": 1,
          "measurement_kind": null,
          "metadata_read_kib_step": 9929.17578125,
          "mix_ms_step": 262.25903641898185,
          "payload_read_mib_step": 21.28125,
          "prefill_ms": 1353.725824970752,
          "prepare_ms_step": 0.0,
          "prompt_length": 2048,
          "resident_mib": 72.3828125,
          "score_ms_step": 286.2664223066531,
          "selector_enabled": false,
          "selector_invocations": 0,
          "selector_ms_total": 0.0,
          "selector_us_per_invocation": null,
          "shortlist_selected_pages": 43520,
          "shortlist_total_pages": 66048,
          "softmax_ms_step": 0.8125690510496497,
          "unpack_ms_step": 0.0,
          "warmup_runs": 0
        }
      }
    }
  ],
  "inputs": {
    "exact": "benchmarks/results/qwen35_27b_backend_truth_20260404_native/qwen35_9b_dotcache_exact_serving.jsonl",
    "learned": "benchmarks/results/qwen35_27b_backend_truth_20260404_native/qwen35_9b_dotcache_learned_selector_serving.jsonl",
    "learned_k_only": null,
    "learned_v_only": null,
    "shortlist": "benchmarks/results/qwen35_27b_backend_truth_20260404_native/qwen35_9b_dotcache_shortlist_base_serving.jsonl"
  }
}
