{
  "comparisons": [
    {
      "prompt_length": 4096,
      "speedups": {
        "learned_selector": {
          "vs_exact": 4.415696386865879,
          "vs_shortlist": 1.912972748222637
        }
      },
      "variants": {
        "exact": {
          "chunk_assembly_ms_step": 0.4535291809588671,
          "decode_ms_per_step": 796.4527442818508,
          "decode_ms_per_step_p95": 906.1906158691272,
          "kv_resident_mib": 48.5,
          "m0_fraction": 1.0,
          "m0_pages": 65536,
          "m3_fraction": 0.0,
          "m3_pages": 0,
          "measured_runs": 5,
          "measurement_kind": "aggregate",
          "metadata_read_kib_step": 15074.296875,
          "mix_ms_step": 375.0870564254001,
          "payload_read_mib_step": 32.140625,
          "prefill_ms": 290.8774521201849,
          "prepare_ms_step": 0.0,
          "prompt_length": 4096,
          "resident_mib": 72.25390625,
          "score_ms_step": 368.6323360307142,
          "selector_enabled": false,
          "selector_invocations": 0,
          "selector_ms_total": 0.0,
          "selector_us_per_invocation": null,
          "shortlist_selected_pages": 0,
          "shortlist_total_pages": 0,
          "softmax_ms_step": 1.1041405377909541,
          "unpack_ms_step": 0.0,
          "warmup_runs": 1
        },
        "learned_selector": {
          "chunk_assembly_ms_step": 0.45320752542465925,
          "decode_ms_per_step": 180.36854767706245,
          "decode_ms_per_step_p95": 180.641671968624,
          "kv_resident_mib": 128.4951171875,
          "m0_fraction": 6.103515625e-05,
          "m0_pages": 4,
          "m3_fraction": 0.99993896484375,
          "m3_pages": 65532,
          "measured_runs": 5,
          "measurement_kind": "aggregate",
          "metadata_read_kib_step": 6882.796875,
          "mix_ms_step": 65.97524182870984,
          "payload_read_mib_step": 128.134765625,
          "prefill_ms": 295.90700566768646,
          "prepare_ms_step": 0.0,
          "prompt_length": 4096,
          "resident_mib": 190.509765625,
          "score_ms_step": 66.986920312047,
          "selector_enabled": true,
          "selector_invocations": 70912,
          "selector_ms_total": 1787.5765822827816,
          "selector_us_per_invocation": 25.208379149971538,
          "shortlist_selected_pages": 0,
          "shortlist_total_pages": 0,
          "softmax_ms_step": 0.7799632148817182,
          "unpack_ms_step": 0.0,
          "warmup_runs": 1
        },
        "shortlist_base": {
          "chunk_assembly_ms_step": 0.43652881868183613,
          "decode_ms_per_step": 345.0401163427159,
          "decode_ms_per_step_p95": 350.2060502069071,
          "kv_resident_mib": 48.5,
          "m0_fraction": 1.0,
          "m0_pages": 65536,
          "m3_fraction": 0.0,
          "m3_pages": 0,
          "measured_runs": 5,
          "measurement_kind": "aggregate",
          "metadata_read_kib_step": 4964.044921875,
          "mix_ms_step": 145.69091133307666,
          "payload_read_mib_step": 10.640625,
          "prefill_ms": 294.5554470643401,
          "prepare_ms_step": 0.0,
          "prompt_length": 4096,
          "resident_mib": 71.8828125,
          "score_ms_step": 139.34723392594606,
          "selector_enabled": false,
          "selector_invocations": 0,
          "selector_ms_total": 0.0,
          "selector_us_per_invocation": null,
          "shortlist_selected_pages": 21760,
          "shortlist_total_pages": 65792,
          "softmax_ms_step": 0.8595259860157967,
          "unpack_ms_step": 0.0,
          "warmup_runs": 1
        }
      }
    },
    {
      "prompt_length": 8192,
      "speedups": {
        "learned_selector": {
          "vs_exact": 4.781652448327202,
          "vs_shortlist": 1.188989607541419
        }
      },
      "variants": {
        "exact": {
          "chunk_assembly_ms_step": 0.470997067168355,
          "decode_ms_per_step": 1476.0471251793206,
          "decode_ms_per_step_p95": 1572.9994802502915,
          "kv_resident_mib": 96.5,
          "m0_fraction": 1.0,
          "m0_pages": 131072,
          "m3_fraction": 0.0,
          "m3_pages": 0,
          "measured_runs": 5,
          "measurement_kind": "aggregate",
          "metadata_read_kib_step": 30126.296875,
          "mix_ms_step": 720.6047383369878,
          "payload_read_mib_step": 64.140625,
          "prefill_ms": 576.7739657312632,
          "prepare_ms_step": 0.0,
          "prompt_length": 8192,
          "resident_mib": 144.00390625,
          "score_ms_step": 689.7778618149459,
          "selector_enabled": false,
          "selector_invocations": 0,
          "selector_ms_total": 0.0,
          "selector_us_per_invocation": null,
          "shortlist_selected_pages": 0,
          "shortlist_total_pages": 0,
          "softmax_ms_step": 1.130410353653133,
          "unpack_ms_step": 0.0,
          "warmup_runs": 1
        },
        "learned_selector": {
          "chunk_assembly_ms_step": 0.4559981171041727,
          "decode_ms_per_step": 308.68975550401956,
          "decode_ms_per_step_p95": 379.49937807861716,
          "kv_resident_mib": 256.5,
          "m0_fraction": 0.0,
          "m0_pages": 0,
          "m3_fraction": 1.0,
          "m3_pages": 131072,
          "measured_runs": 5,
          "measurement_kind": "aggregate",
          "metadata_read_kib_step": 13742.296875,
          "mix_ms_step": 123.59671073500067,
          "payload_read_mib_step": 256.140625,
          "prefill_ms": 570.4907588660717,
          "prepare_ms_step": 0.0,
          "prompt_length": 8192,
          "resident_mib": 316.50390625,
          "score_ms_step": 125.00638572964817,
          "selector_enabled": true,
          "selector_invocations": 234752,
          "selector_ms_total": 5868.002133443952,
          "selector_us_per_invocation": 24.996601236385427,
          "shortlist_selected_pages": 0,
          "shortlist_total_pages": 0,
          "softmax_ms_step": 0.79776078928262,
          "unpack_ms_step": 0.0,
          "warmup_runs": 1
        },
        "shortlist_base": {
          "chunk_assembly_ms_step": 0.4412649432197213,
          "decode_ms_per_step": 367.0289112487808,
          "decode_ms_per_step_p95": 478.28325710725034,
          "kv_resident_mib": 96.5,
          "m0_fraction": 1.0,
          "m0_pages": 131072,
          "m3_fraction": 0.0,
          "m3_pages": 0,
          "measured_runs": 5,
          "measurement_kind": "aggregate",
          "metadata_read_kib_step": 4963.987548828125,
          "mix_ms_step": 146.89640596043319,
          "payload_read_mib_step": 10.640625,
          "prefill_ms": 569.2509254440665,
          "prepare_ms_step": 0.0,
          "prompt_length": 8192,
          "resident_mib": 143.26171875,
          "score_ms_step": 144.32989933993667,
          "selector_enabled": false,
          "selector_invocations": 0,
          "selector_ms_total": 0.0,
          "selector_us_per_invocation": null,
          "shortlist_selected_pages": 21760,
          "shortlist_total_pages": 131328,
          "softmax_ms_step": 1.1615243274718523,
          "unpack_ms_step": 0.0,
          "warmup_runs": 1
        }
      }
    }
  ],
  "inputs": {
    "exact": "benchmarks/results/qwen35_9b_backend_truth_20260402_long_context/qwen35_9b_dotcache_exact_serving.jsonl",
    "learned": "benchmarks/results/qwen35_9b_backend_truth_20260402_long_context/qwen35_9b_dotcache_learned_selector_serving.jsonl",
    "learned_k_only": null,
    "learned_v_only": null,
    "shortlist": "benchmarks/results/qwen35_9b_backend_truth_20260402_long_context/qwen35_9b_dotcache_shortlist_base_serving.jsonl"
  }
}
