{
  "comparisons": [
    {
      "prompt_length": 1024,
      "speedups": {
        "learned_selector": {
          "vs_exact": 3.2487093820099227,
          "vs_shortlist": 3.3917663155399818
        }
      },
      "variants": {
        "exact": {
          "chunk_assembly_ms_step": 0.429076433647424,
          "decode_ms_per_step": 232.18651674687862,
          "decode_ms_per_step_p95": 236.50376498699188,
          "kv_resident_mib": 12.5,
          "m0_fraction": 1.0,
          "m0_pages": 16384,
          "m3_fraction": 0.0,
          "m3_pages": 0,
          "measured_runs": 5,
          "measurement_kind": "aggregate",
          "metadata_read_kib_step": 3785.296875,
          "mix_ms_step": 102.66507550841197,
          "payload_read_mib_step": 8.140625,
          "prefill_ms": 484.5883098896593,
          "prepare_ms_step": 0.0,
          "prompt_length": 1024,
          "resident_mib": 18.44140625,
          "score_ms_step": 103.18799229571596,
          "selector_enabled": false,
          "selector_invocations": 0,
          "selector_ms_total": 0.0,
          "selector_us_per_invocation": null,
          "shortlist_selected_pages": 0,
          "shortlist_total_pages": 0,
          "softmax_ms_step": 0.3874907561112195,
          "unpack_ms_step": 0.0,
          "warmup_runs": 1
        },
        "learned_selector": {
          "chunk_assembly_ms_step": 0.4561781242955476,
          "decode_ms_per_step": 71.47038698894903,
          "decode_ms_per_step_p95": 73.918829561444,
          "kv_resident_mib": 32.1484375,
          "m0_fraction": 0.017578125,
          "m0_pages": 288,
          "m3_fraction": 0.982421875,
          "m3_pages": 16096,
          "measured_runs": 5,
          "measurement_kind": "aggregate",
          "metadata_read_kib_step": 1773.296875,
          "mix_ms_step": 21.980097400955856,
          "payload_read_mib_step": 31.71875,
          "prefill_ms": 439.1212749760598,
          "prepare_ms_step": 0.0,
          "prompt_length": 1024,
          "resident_mib": 47.83984375,
          "score_ms_step": 23.231062979903072,
          "selector_enabled": true,
          "selector_invocations": 16384,
          "selector_ms_total": 412.93779807165265,
          "selector_us_per_invocation": 25.20372302683427,
          "shortlist_selected_pages": 0,
          "shortlist_total_pages": 0,
          "softmax_ms_step": 0.38475761539302766,
          "unpack_ms_step": 0.0,
          "warmup_runs": 1
        },
        "shortlist_base": {
          "chunk_assembly_ms_step": 0.4303123278077692,
          "decode_ms_per_step": 242.41085114772432,
          "decode_ms_per_step_p95": 243.52768736425787,
          "kv_resident_mib": 12.5,
          "m0_fraction": 1.0,
          "m0_pages": 16384,
          "m3_fraction": 0.0,
          "m3_pages": 0,
          "measured_runs": 5,
          "measurement_kind": "aggregate",
          "metadata_read_kib_step": 3785.296875,
          "mix_ms_step": 104.91281881695613,
          "payload_read_mib_step": 8.140625,
          "prefill_ms": 509.7180961165577,
          "prepare_ms_step": 0.0,
          "prompt_length": 1024,
          "resident_mib": 18.44140625,
          "score_ms_step": 105.97713800962083,
          "selector_enabled": false,
          "selector_invocations": 0,
          "selector_ms_total": 0.0,
          "selector_us_per_invocation": null,
          "shortlist_selected_pages": 16640,
          "shortlist_total_pages": 16640,
          "softmax_ms_step": 0.4275068349670619,
          "unpack_ms_step": 0.0,
          "warmup_runs": 1
        }
      }
    },
    {
      "prompt_length": 2048,
      "speedups": {
        "learned_selector": {
          "vs_exact": 3.264679347109503,
          "vs_shortlist": 2.4513477549374203
        }
      },
      "variants": {
        "exact": {
          "chunk_assembly_ms_step": 0.4403633065521717,
          "decode_ms_per_step": 400.1560862525366,
          "decode_ms_per_step_p95": 401.9434166548308,
          "kv_resident_mib": 24.5,
          "m0_fraction": 1.0,
          "m0_pages": 32768,
          "m3_fraction": 0.0,
          "m3_pages": 0,
          "measured_runs": 5,
          "measurement_kind": "aggregate",
          "metadata_read_kib_step": 7548.296875,
          "mix_ms_step": 186.12354330252856,
          "payload_read_mib_step": 16.140625,
          "prefill_ms": 549.9627508688718,
          "prepare_ms_step": 0.0,
          "prompt_length": 2048,
          "resident_mib": 36.37890625,
          "score_ms_step": 185.30331063084304,
          "selector_enabled": false,
          "selector_invocations": 0,
          "selector_ms_total": 0.0,
          "selector_us_per_invocation": null,
          "shortlist_selected_pages": 0,
          "shortlist_total_pages": 0,
          "softmax_ms_step": 0.3638913040049374,
          "unpack_ms_step": 0.0,
          "warmup_runs": 1
        },
        "learned_selector": {
          "chunk_assembly_ms_step": 0.4550247103907168,
          "decode_ms_per_step": 122.57132897502743,
          "decode_ms_per_step_p95": 123.09551431098953,
          "kv_resident_mib": 63.3427734375,
          "m0_fraction": 0.0289306640625,
          "m0_pages": 948,
          "m3_fraction": 0.9710693359375,
          "m3_pages": 31820,
          "measured_runs": 5,
          "measurement_kind": "aggregate",
          "metadata_read_kib_step": 3570.796875,
          "mix_ms_step": 37.62155742151663,
          "payload_read_mib_step": 62.751953125,
          "prefill_ms": 563.6515549849719,
          "prepare_ms_step": 0.0,
          "prompt_length": 2048,
          "resident_mib": 95.0009765625,
          "score_ms_step": 55.85983817582019,
          "selector_enabled": true,
          "selector_invocations": 57344,
          "selector_ms_total": 1444.6656156796962,
          "selector_us_per_invocation": 25.1929690234322,
          "shortlist_selected_pages": 0,
          "shortlist_total_pages": 0,
          "softmax_ms_step": 0.359551195288077,
          "unpack_ms_step": 0.0,
          "warmup_runs": 1
        },
        "shortlist_base": {
          "chunk_assembly_ms_step": 0.4401627229526639,
          "decode_ms_per_step": 300.46495210262947,
          "decode_ms_per_step_p95": 316.82133051217534,
          "kv_resident_mib": 24.5,
          "m0_fraction": 1.0,
          "m0_pages": 32768,
          "m3_fraction": 0.0,
          "m3_pages": 0,
          "measured_runs": 5,
          "measurement_kind": "aggregate",
          "metadata_read_kib_step": 4963.924560546875,
          "mix_ms_step": 131.46914215758443,
          "payload_read_mib_step": 10.640625,
          "prefill_ms": 531.6498568281531,
          "prepare_ms_step": 0.0,
          "prompt_length": 2048,
          "resident_mib": 35.4140625,
          "score_ms_step": 132.36021611373872,
          "selector_enabled": false,
          "selector_invocations": 0,
          "selector_ms_total": 0.0,
          "selector_us_per_invocation": null,
          "shortlist_selected_pages": 21760,
          "shortlist_total_pages": 33024,
          "softmax_ms_step": 0.4429320397321135,
          "unpack_ms_step": 0.0,
          "warmup_runs": 1
        }
      }
    }
  ],
  "inputs": {
    "exact": "/workspace/DotCache/benchmarks/results/qwen_results_matrix_20260404/qwen35_4b/backend_truth/qwen35_9b_dotcache_exact_serving.jsonl",
    "learned": "/workspace/DotCache/benchmarks/results/qwen_results_matrix_20260404/qwen35_4b/backend_truth/qwen35_9b_dotcache_learned_selector_serving.jsonl",
    "learned_k_only": null,
    "learned_v_only": null,
    "shortlist": "/workspace/DotCache/benchmarks/results/qwen_results_matrix_20260404/qwen35_4b/backend_truth/qwen35_9b_dotcache_shortlist_base_serving.jsonl"
  }
}
