{
  "comparisons": [
    {
      "prompt_length": 1024,
      "speedups": {
        "learned_selector": {
          "vs_exact": 1.483877217605878,
          "vs_shortlist": 1.523702643992157
        },
        "learned_selector_k_only": {
          "vs_exact": 1.1954805156479422,
          "vs_shortlist": 1.227565731801462
        },
        "learned_selector_v_only": {
          "vs_exact": 1.2090174363570452,
          "vs_shortlist": 1.2414659666937067
        }
      },
      "variants": {
        "exact": {
          "chunk_assembly_ms_step": 0.194907421246171,
          "decode_ms_per_step": 89.42421490792185,
          "decode_ms_per_step_p95": 96.62244115024805,
          "kv_resident_mib": 7.4814453125,
          "m0_fraction": 0.5,
          "m0_pages": 3072,
          "m3_fraction": 0.16666666666666666,
          "m3_pages": 1024,
          "measured_runs": 5,
          "measurement_kind": "aggregate",
          "metadata_read_kib_step": 4344.59765625,
          "mix_ms_step": 34.127951017580926,
          "payload_read_mib_step": 3.34765625,
          "prefill_ms": 16.811056062579155,
          "prepare_ms_step": 0.0,
          "prompt_length": 1024,
          "resident_mib": 11.0283203125,
          "score_ms_step": 39.748498471453786,
          "selector_enabled": false,
          "selector_invocations": 0,
          "selector_ms_total": 0.0,
          "selector_us_per_invocation": null,
          "shortlist_selected_pages": 0,
          "shortlist_total_pages": 0,
          "softmax_ms_step": 0.15600072219967842,
          "unpack_ms_step": 0.0,
          "warmup_runs": 1
        },
        "learned_selector": {
          "chunk_assembly_ms_step": 0.21128368098288774,
          "decode_ms_per_step": 60.26389100588858,
          "decode_ms_per_step_p95": 60.287817870266736,
          "kv_resident_mib": 9.248046875,
          "m0_fraction": 0.3919270833333333,
          "m0_pages": 2408,
          "m3_fraction": 0.6080729166666666,
          "m3_pages": 3736,
          "measured_runs": 5,
          "measurement_kind": "aggregate",
          "metadata_read_kib_step": 952.359375,
          "mix_ms_step": 18.802943523041904,
          "payload_read_mib_step": 8.501953125,
          "prefill_ms": 15.250669326633215,
          "prepare_ms_step": 0.0,
          "prompt_length": 1024,
          "resident_mib": 13.662109375,
          "score_ms_step": 25.91696777381003,
          "selector_enabled": true,
          "selector_invocations": 6144,
          "selector_ms_total": 165.15540750697255,
          "selector_us_per_invocation": 26.88076294058798,
          "shortlist_selected_pages": 0,
          "shortlist_total_pages": 0,
          "softmax_ms_step": 0.1511832233518362,
          "unpack_ms_step": 0.0,
          "warmup_runs": 1
        },
        "learned_selector_k_only": {
          "chunk_assembly_ms_step": 0.19014545250684023,
          "decode_ms_per_step": 74.80190077330917,
          "decode_ms_per_step_p95": 76.46800121292472,
          "kv_resident_mib": 7.716796875,
          "m0_fraction": 0.568359375,
          "m0_pages": 3492,
          "m3_fraction": 0.4290364583333333,
          "m3_pages": 2636,
          "measured_runs": 5,
          "measurement_kind": "aggregate",
          "metadata_read_kib_step": 1092.87890625,
          "mix_ms_step": 33.838395145721734,
          "payload_read_mib_step": 6.705078125,
          "prefill_ms": 15.408450737595558,
          "prepare_ms_step": 0.0,
          "prompt_length": 1024,
          "resident_mib": 11.40625,
          "score_ms_step": 25.94345831312239,
          "selector_enabled": true,
          "selector_invocations": 3072,
          "selector_ms_total": 88.0116974003613,
          "selector_us_per_invocation": 28.649641080846777,
          "shortlist_selected_pages": 0,
          "shortlist_total_pages": 0,
          "softmax_ms_step": 0.15123363118618727,
          "unpack_ms_step": 0.0,
          "warmup_runs": 1
        },
        "learned_selector_v_only": {
          "chunk_assembly_ms_step": 0.2097992692142725,
          "decode_ms_per_step": 73.9643715787679,
          "decode_ms_per_step_p95": 74.22360177151859,
          "kv_resident_mib": 9.0126953125,
          "m0_fraction": 0.3235677083333333,
          "m0_pages": 1988,
          "m3_fraction": 0.345703125,
          "m3_pages": 2124,
          "measured_runs": 5,
          "measurement_kind": "aggregate",
          "metadata_read_kib_step": 4204.078125,
          "mix_ms_step": 18.82016973104328,
          "payload_read_mib_step": 5.14453125,
          "prefill_ms": 15.287041664123535,
          "prepare_ms_step": 0.0,
          "prompt_length": 1024,
          "resident_mib": 12.5966796875,
          "score_ms_step": 39.94540765415877,
          "selector_enabled": true,
          "selector_invocations": 3072,
          "selector_ms_total": 88.11470912769437,
          "selector_us_per_invocation": 28.683173544171343,
          "shortlist_selected_pages": 0,
          "shortlist_total_pages": 0,
          "softmax_ms_step": 0.1501475926488638,
          "unpack_ms_step": 0.0,
          "warmup_runs": 1
        },
        "shortlist_base": {
          "chunk_assembly_ms_step": 0.1911813160404563,
          "decode_ms_per_step": 91.8242500629276,
          "decode_ms_per_step_p95": 92.98459945712239,
          "kv_resident_mib": 7.4814453125,
          "m0_fraction": 0.5,
          "m0_pages": 3072,
          "m3_fraction": 0.16666666666666666,
          "m3_pages": 1024,
          "measured_runs": 5,
          "measurement_kind": "aggregate",
          "metadata_read_kib_step": 4344.59765625,
          "mix_ms_step": 33.962812391109765,
          "payload_read_mib_step": 3.34765625,
          "prefill_ms": 15.434289816766977,
          "prepare_ms_step": 0.0,
          "prompt_length": 1024,
          "resident_mib": 11.0283203125,
          "score_ms_step": 39.66791112907231,
          "selector_enabled": false,
          "selector_invocations": 0,
          "selector_ms_total": 0.0,
          "selector_us_per_invocation": null,
          "shortlist_selected_pages": 3120,
          "shortlist_total_pages": 3120,
          "softmax_ms_step": 0.15109835658222437,
          "unpack_ms_step": 0.0,
          "warmup_runs": 1
        }
      }
    },
    {
      "prompt_length": 2048,
      "speedups": {
        "learned_selector": {
          "vs_exact": 1.3676335192170923,
          "vs_shortlist": 1.0661453170444812
        },
        "learned_selector_k_only": {
          "vs_exact": 1.1055511029228926,
          "vs_shortlist": 0.861837703282779
        },
        "learned_selector_v_only": {
          "vs_exact": 1.2140661836328288,
          "vs_shortlist": 0.9464311586945996
        }
      },
      "variants": {
        "exact": {
          "chunk_assembly_ms_step": 0.19809161312878132,
          "decode_ms_per_step": 142.22467795480043,
          "decode_ms_per_step_p95": 142.6932371687144,
          "kv_resident_mib": 14.7939453125,
          "m0_fraction": 0.5,
          "m0_pages": 6144,
          "m3_fraction": 0.16666666666666666,
          "m3_pages": 2048,
          "measured_runs": 5,
          "measurement_kind": "aggregate",
          "metadata_read_kib_step": 8705.84765625,
          "mix_ms_step": 56.8762740585953,
          "payload_read_mib_step": 6.66015625,
          "prefill_ms": 18.796803895384073,
          "prepare_ms_step": 0.0,
          "prompt_length": 2048,
          "resident_mib": 21.8408203125,
          "score_ms_step": 68.77668586093932,
          "selector_enabled": false,
          "selector_invocations": 0,
          "selector_ms_total": 0.0,
          "selector_us_per_invocation": null,
          "shortlist_selected_pages": 0,
          "shortlist_total_pages": 0,
          "softmax_ms_step": 0.14225277118384838,
          "unpack_ms_step": 0.0,
          "warmup_runs": 1
        },