{
  "comparisons": [
    {
      "prompt_length": 1024,
      "speedups": {
        "learned_selector": {
          "vs_exact": 2.8808005602801563,
          "vs_shortlist": 3.032536947700867
        },
        "learned_selector_k_only": {
          "vs_exact": 1.5063842838895851,
          "vs_shortlist": 1.5857279609411166
        },
        "learned_selector_v_only": {
          "vs_exact": 1.4314300362069943,
          "vs_shortlist": 1.506825752777677
        }
      },
      "variants": {
        "exact": {
          "chunk_assembly_ms_step": 0.19206362776458263,
          "decode_ms_per_step": 88.99699046742171,
          "decode_ms_per_step_p95": 95.72833203710616,
          "kv_resident_mib": 7.4814453125,
          "m0_fraction": 0.5,
          "m0_pages": 3072,
          "m3_fraction": 0.16666666666666666,
          "m3_pages": 1024,
          "measured_runs": 5,
          "measurement_kind": "aggregate",
          "metadata_read_kib_step": 4344.59765625,
          "mix_ms_step": 33.75900525134057,
          "payload_read_mib_step": 3.34765625,
          "prefill_ms": 15.274364035576582,
          "prepare_ms_step": 0.0,
          "prompt_length": 1024,
          "resident_mib": 11.0283203125,
          "score_ms_step": 40.057731326669455,
          "selector_enabled": false,
          "selector_invocations": 0,
          "selector_ms_total": 0.0,
          "selector_us_per_invocation": null,
          "shortlist_selected_pages": 0,
          "shortlist_total_pages": 0,
          "softmax_ms_step": 0.152057153172791,
          "unpack_ms_step": 0.0,
          "warmup_runs": 1
        },
        "learned_selector": {
          "chunk_assembly_ms_step": 0.16293581575155258,
          "decode_ms_per_step": 30.89314536191523,
          "decode_ms_per_step_p95": 32.5681849848479,
          "kv_resident_mib": 12.1142578125,
          "m0_fraction": 0.009765625,
          "m0_pages": 60,
          "m3_fraction": 0.990234375,
          "m3_pages": 6084,
          "measured_runs": 5,
          "measurement_kind": "aggregate",
          "metadata_read_kib_step": 658.859375,
          "mix_ms_step": 6.934972130693495,
          "payload_read_mib_step": 11.94140625,
          "prefill_ms": 15.496373176574707,
          "prepare_ms_step": 0.0,
          "prompt_length": 1024,
          "resident_mib": 17.77734375,
          "score_ms_step": 9.11676581017673,
          "selector_enabled": true,
          "selector_invocations": 6144,
          "selector_ms_total": 158.55598635971546,
          "selector_us_per_invocation": 25.806638404901605,
          "shortlist_selected_pages": 0,
          "shortlist_total_pages": 0,
          "softmax_ms_step": 0.15503924805670977,
          "unpack_ms_step": 0.0,
          "warmup_runs": 1
        },
        "learned_selector_k_only": {
          "chunk_assembly_ms_step": 0.19122858066111803,
          "decode_ms_per_step": 59.07987186219543,
          "decode_ms_per_step_p95": 60.393127985298634,
          "kv_resident_mib": 9.42578125,
          "m0_fraction": 0.3404947916666667,
          "m0_pages": 2092,
          "m3_fraction": 0.6569010416666666,
          "m3_pages": 4036,
          "measured_runs": 5,
          "measurement_kind": "aggregate",
          "metadata_read_kib_step": 917.87890625,
          "mix_ms_step": 34.56304839346558,
          "payload_read_mib_step": 8.755859375,
          "prefill_ms": 15.606274828314781,
          "prepare_ms_step": 0.0,
          "prompt_length": 1024,
          "resident_mib": 13.5888671875,
          "score_ms_step": 9.253608994185925,
          "selector_enabled": true,
          "selector_invocations": 3072,
          "selector_ms_total": 87.34635869041085,
          "selector_us_per_invocation": 28.433059469534783,
          "shortlist_selected_pages": 0,
          "shortlist_total_pages": 0,
          "softmax_ms_step": 0.15981378965079784,
          "unpack_ms_step": 0.0,
          "warmup_runs": 1
        },
        "learned_selector_v_only": {
          "chunk_assembly_ms_step": 0.16591779422014952,
          "decode_ms_per_step": 62.17348261270672,
          "decode_ms_per_step_p95": 64.19353149831295,
          "kv_resident_mib": 10.169921875,
          "m0_fraction": 0.16927083333333334,
          "m0_pages": 1040,
          "m3_fraction": 0.5,
          "m3_pages": 3072,
          "measured_runs": 5,
          "measurement_kind": "aggregate",
          "metadata_read_kib_step": 4085.578125,
          "mix_ms_step": 7.059161085635424,
          "payload_read_mib_step": 6.533203125,
          "prefill_ms": 15.495802275836468,
          "prepare_ms_step": 0.0,
          "prompt_length": 1024,
          "resident_mib": 14.216796875,
          "score_ms_step": 39.87945930566639,
          "selector_enabled": true,
          "selector_invocations": 3072,
          "selector_ms_total": 87.31561247259378,
          "selector_us_per_invocation": 28.423050935089123,
          "shortlist_selected_pages": 0,
          "shortlist_total_pages": 0,
          "softmax_ms_step": 0.15364389400929213,
          "unpack_ms_step": 0.0,
          "warmup_runs": 1
        },
        "shortlist_base": {
          "chunk_assembly_ms_step": 0.19382813479751348,
          "decode_ms_per_step": 93.68460474070162,
          "decode_ms_per_step_p95": 93.99375666398555,
          "kv_resident_mib": 7.4814453125,
          "m0_fraction": 0.5,
          "m0_pages": 3072,
          "m3_fraction": 0.16666666666666666,
          "m3_pages": 1024,
          "measured_runs": 5,
          "measurement_kind": "aggregate",
          "metadata_read_kib_step": 4344.59765625,
          "mix_ms_step": 34.484766772948205,
          "payload_read_mib_step": 3.34765625,
          "prefill_ms": 15.70897689089179,
          "prepare_ms_step": 0.0,
          "prompt_length": 1024,
          "resident_mib": 11.0283203125,
          "score_ms_step": 40.37532245274633,
          "selector_enabled": false,
          "selector_invocations": 0,
          "selector_ms_total": 0.0,
          "selector_us_per_invocation": null,
          "shortlist_selected_pages": 3120,
          "shortlist_total_pages": 3120,
          "softmax_ms_step": 0.1528545981273055,
          "unpack_ms_step": 0.0,
          "warmup_runs": 1
        }
      }
    },
    {
      "prompt_length": 2048,
      "speedups": {
        "learned_selector": {
          "vs_exact": 3.390320579428317,
          "vs_shortlist": 2.640613433815499
        },
        "learned_selector_k_only": {
          "vs_exact": 1.6232403984149277,
          "vs_shortlist": 1.2642905890301543
        },
        "learned_selector_v_only": {
          "vs_exact": 1.4568597813161523,
          "vs_shortlist": 1.1347019904464706
        }
      },
      "variants": {
        "exact": {
          "chunk_assembly_ms_step": 0.19739242270588875,
          "decode_ms_per_step": 142.97877671197057,
          "decode_ms_per_step_p95": 148.12617173884064,
          "kv_resident_mib": 14.7939453125,
          "m0_fraction": 0.5,
          "m0_pages": 6144,
          "m3_fraction": 0.16666666666666666,
          "m3_pages": 2048,
          "measured_runs": 5,
          "measurement_kind": "aggregate",
          "metadata_read_kib_step": 8705.84765625,
          "mix_ms_step": 57.15679284185171,
          "payload_read_mib_step": 6.66015625,
          "prefill_ms": 18.858866300433874,
          "prepare_ms_step": 0.0,
          "prompt_length": 2048,
          "resident_mib": 21.8408203125,
          "score_ms_step": 69.01755649596453,
          "selector_enabled": false,
          "selector_invocations": 0,
          "selector_ms_total": 0.0,
          "selector_us_per_invocation": null,
          "shortlist_selected_pages": 0,
          "shortlist_total_pages": 0,
          "softmax_ms_step": 0.1429007388651371,
          "unpack_ms_step": 0.0,
          "warmup_runs": 1
        },
        "learned_selector": {
          "chunk_assembly_ms_step": 0.16525748651474714,