{
  "comparisons": [
    {
      "learned_vs_exact_decode_speedup": 1.4955353041391866,
      "learned_vs_shortlist_decode_speedup": 1.5638332873268612,
      "prompt_length": 1024,
      "variants": {
        "exact": {
          "chunk_assembly_ms_step": 0.19232917111366987,
          "decode_ms_per_step": 91.11760149244219,
          "decode_ms_per_step_p95": 93.41045150067657,
          "kv_resident_mib": 7.4814453125,
          "m0_fraction": 0.5,
          "m0_pages": 3072,
          "m3_fraction": 0.16666666666666666,
          "m3_pages": 1024,
          "measured_runs": 5,
          "measurement_kind": "aggregate",
          "metadata_read_kib_step": 4344.59765625,
          "mix_ms_step": 34.455389832146466,
          "payload_read_mib_step": 3.34765625,
          "prefill_ms": 15.825919806957245,
          "prepare_ms_step": 0.0,
          "prompt_length": 1024,
          "resident_mib": 11.0283203125,
          "score_ms_step": 40.64051096793264,
          "selector_enabled": false,
          "selector_invocations": 0,
          "selector_ms_total": 0.0,
          "selector_us_per_invocation": null,
          "shortlist_selected_pages": 0,
          "shortlist_total_pages": 0,
          "softmax_ms_step": 0.15971192624419928,
          "unpack_ms_step": 0.0,
          "warmup_runs": 1
        },
        "learned_selector": {
          "chunk_assembly_ms_step": 0.20070443861186504,
          "decode_ms_per_step": 60.926412930712104,
          "decode_ms_per_step_p95": 61.16535228211433,
          "kv_resident_mib": 9.248046875,
          "m0_fraction": 0.3919270833333333,
          "m0_pages": 2408,
          "m3_fraction": 0.6080729166666666,
          "m3_pages": 3736,
          "measured_runs": 5,
          "measurement_kind": "aggregate",
          "metadata_read_kib_step": 952.359375,
          "mix_ms_step": 18.86205398477614,
          "payload_read_mib_step": 8.501953125,
          "prefill_ms": 15.571732074022293,
          "prepare_ms_step": 0.0,
          "prompt_length": 1024,
          "resident_mib": 13.662109375,
          "score_ms_step": 26.09312371350825,
          "selector_enabled": true,
          "selector_invocations": 6144,
          "selector_ms_total": 165.4436900280416,
          "selector_us_per_invocation": 26.927683923834895,
          "shortlist_selected_pages": 0,
          "shortlist_total_pages": 0,
          "softmax_ms_step": 0.15509629156440496,
          "unpack_ms_step": 0.0,
          "warmup_runs": 1
        },
        "shortlist_base": {
          "chunk_assembly_ms_step": 0.18984160851687193,
          "decode_ms_per_step": 95.2787526184693,
          "decode_ms_per_step_p95": 97.11216993164271,
          "kv_resident_mib": 7.4814453125,
          "m0_fraction": 0.5,
          "m0_pages": 3072,
          "m3_fraction": 0.16666666666666666,
          "m3_pages": 1024,
          "measured_runs": 5,
          "measurement_kind": "aggregate",
          "metadata_read_kib_step": 4344.59765625,
          "mix_ms_step": 34.94737413711846,
          "payload_read_mib_step": 3.34765625,
          "prefill_ms": 16.10908005386591,
          "prepare_ms_step": 0.0,
          "prompt_length": 1024,
          "resident_mib": 11.0283203125,
          "score_ms_step": 40.89963831938803,
          "selector_enabled": false,
          "selector_invocations": 0,
          "selector_ms_total": 0.0,
          "selector_us_per_invocation": null,
          "shortlist_selected_pages": 3120,
          "shortlist_total_pages": 3120,
          "softmax_ms_step": 0.16437983140349388,
          "unpack_ms_step": 0.0,
          "warmup_runs": 1
        }
      }
    },
    {
      "learned_vs_exact_decode_speedup": 1.3736814414653913,
      "learned_vs_shortlist_decode_speedup": 1.0841740624718605,
      "prompt_length": 2048,
      "variants": {
        "exact": {
          "chunk_assembly_ms_step": 0.19315595272928476,
          "decode_ms_per_step": 144.05425649601966,
          "decode_ms_per_step_p95": 146.70360044110566,
          "kv_resident_mib": 14.7939453125,
          "m0_fraction": 0.5,
          "m0_pages": 6144,
          "m3_fraction": 0.16666666666666666,
          "m3_pages": 2048,
          "measured_runs": 5,
          "measurement_kind": "aggregate",
          "metadata_read_kib_step": 8705.84765625,
          "mix_ms_step": 57.36256041564047,
          "payload_read_mib_step": 6.66015625,
          "prefill_ms": 18.815663177520037,
          "prepare_ms_step": 0.0,
          "prompt_length": 2048,
          "resident_mib": 21.8408203125,
          "score_ms_step": 69.24455566331744,
          "selector_enabled": false,
          "selector_invocations": 0,
          "selector_ms_total": 0.0,
          "selector_us_per_invocation": null,
          "shortlist_selected_pages": 0,
          "shortlist_total_pages": 0,
          "softmax_ms_step": 0.14910066965967417,
          "unpack_ms_step": 0.0,
          "warmup_runs": 1
        },
        "learned_selector": {
          "chunk_assembly_ms_step": 0.19344151951372623,
          "decode_ms_per_step": 104.86729466356337,
          "decode_ms_per_step_p95": 105.9710945468396,
          "kv_resident_mib": 17.6640625,
          "m0_fraction": 0.4348958333333333,
          "m0_pages": 5344,
          "m3_fraction": 0.5651041666666666,
          "m3_pages": 6944,
          "measured_runs": 5,
          "measurement_kind": "aggregate",
          "metadata_read_kib_step": 1962.359375,
          "mix_ms_step": 32.06038288772106,
          "payload_read_mib_step": 16.201171875,
          "prefill_ms": 18.915006890892982,
          "prepare_ms_step": 0.0,
          "prompt_length": 2048,
          "resident_mib": 25.662109375,
          "score_ms_step": 56.24930502381176,
          "selector_enabled": true,
          "selector_invocations": 21504,
          "selector_ms_total": 572.0194228924811,
          "selector_us_per_invocation": 26.60060560325898,
          "shortlist_selected_pages": 0,
          "shortlist_total_pages": 0,
          "softmax_ms_step": 0.14630449004471302,
          "unpack_ms_step": 0.0,
          "warmup_runs": 1
        },
        "shortlist_base": {
          "chunk_assembly_ms_step": 0.18997059669345617,
          "decode_ms_per_step": 113.69440087582916,
          "decode_ms_per_step_p95": 118.0634134914726,
          "kv_resident_mib": 14.7939453125,
          "m0_fraction": 0.5,
          "m0_pages": 6144,
          "m3_fraction": 0.16666666666666666,
          "m3_pages": 2048,
          "measured_runs": 5,
          "measurement_kind": "aggregate",
          "metadata_read_kib_step": 5732.53173828125,
          "mix_ms_step": 42.11498249787837,
          "payload_read_mib_step": 4.37890625,
          "prefill_ms": 18.989837262779474,
          "prepare_ms_step": 0.0,
          "prompt_length": 2048,
          "resident_mib": 21.6044921875,
          "score_ms_step": 48.53690997697413,
          "selector_enabled": false,
          "selector_invocations": 0,
          "selector_ms_total": 0.0,
          "selector_us_per_invocation": null,
          "shortlist_selected_pages": 4080,
          "shortlist_total_pages": 6192,
          "softmax_ms_step": 0.16895716544240713,
          "unpack_ms_step": 0.0,
          "warmup_runs": 1
        }
      }
    }
  ],
  "inputs": {
    "exact": "benchmarks/results/qwen35_backend_truth_20260402_warm_repeated/qwen35_0p8b_dotcache_serving_sweep.jsonl",
    "learned": "benchmarks/results/qwen35_backend_truth_20260402_warm_repeated/qwen35_0p8b_dotcache_learned_selector_serving.jsonl",
    "shortlist": "benchmarks/results/qwen35_backend_truth_20260402_warm_repeated/qwen35_0p8b_dotcache_shortlist_base_serving.jsonl"
  }
}
