{
  "comparisons": [
    {
      "prompt_length": 1024,
      "speedups": {
        "learned_selector": {
          "vs_exact": 3.1994202845591735,
          "vs_shortlist": 3.2939789001750195
        }
      },
      "variants": {
        "exact": {
          "chunk_assembly_ms_step": 0.8895948703866452,
          "decode_ms_per_step": 504.45089835557155,
          "decode_ms_per_step_p95": 504.45089835557155,
          "kv_resident_mib": 25.0,
          "m0_fraction": 1.0,
          "m0_pages": 8192,
          "m3_fraction": 0.0,
          "m3_pages": 0,
          "measured_runs": 1,
          "measurement_kind": null,
          "metadata_read_kib_step": 7571.609375,
          "mix_ms_step": 217.92275656480342,
          "payload_read_mib_step": 16.28125,
          "prefill_ms": 218.70695380493999,
          "prepare_ms_step": 0.0,
          "prompt_length": 1024,
          "resident_mib": 36.87890625,
          "score_ms_step": 219.1073897993192,
          "selector_enabled": false,
          "selector_invocations": 0,
          "selector_ms_total": 0.0,
          "selector_us_per_invocation": null,
          "shortlist_selected_pages": 0,
          "shortlist_total_pages": 0,
          "softmax_ms_step": 0.8307042589876801,
          "unpack_ms_step": 0.0,
          "warmup_runs": 0
        },
        "learned_selector": {
          "chunk_assembly_ms_step": 0.9074265253730118,
          "decode_ms_per_step": 157.6694693067111,
          "decode_ms_per_step_p95": 157.6694693067111,
          "kv_resident_mib": 64.7802734375,
          "m0_fraction": 0.0054931640625,
          "m0_pages": 45,
          "m3_fraction": 0.9945068359375,
          "m3_pages": 8147,
          "measured_runs": 1,
          "measurement_kind": null,
          "metadata_read_kib_step": 3498.109375,
          "mix_ms_step": 40.56121772737242,
          "payload_read_mib_step": 64.017578125,
          "prefill_ms": 217.93016814626753,
          "prepare_ms_step": 0.0,
          "prompt_length": 1024,
          "resident_mib": 94.3056640625,
          "score_ms_step": 46.29631154239178,
          "selector_enabled": true,
          "selector_invocations": 9984,
          "selector_ms_total": 279.13408260792494,
          "selector_us_per_invocation": 27.958141286851458,
          "shortlist_selected_pages": 0,
          "shortlist_total_pages": 0,
          "softmax_ms_step": 0.8263471245300025,
          "unpack_ms_step": 0.0,
          "warmup_runs": 0
        },
        "shortlist_base": {
          "chunk_assembly_ms_step": 0.9092354157473892,
          "decode_ms_per_step": 519.3599050980993,
          "decode_ms_per_step_p95": 519.3599050980993,
          "kv_resident_mib": 25.0,
          "m0_fraction": 1.0,
          "m0_pages": 8192,
          "m3_fraction": 0.0,
          "m3_pages": 0,
          "measured_runs": 1,
          "measurement_kind": null,
          "metadata_read_kib_step": 7571.609375,
          "mix_ms_step": 218.99786195717752,
          "payload_read_mib_step": 16.28125,
          "prefill_ms": 218.13305700197816,
          "prepare_ms_step": 0.0,
          "prompt_length": 1024,
          "resident_mib": 36.87890625,
          "score_ms_step": 223.10131226549856,
          "selector_enabled": false,
          "selector_invocations": 0,
          "selector_ms_total": 0.0,
          "selector_us_per_invocation": null,
          "shortlist_selected_pages": 33280,
          "shortlist_total_pages": 33280,
          "softmax_ms_step": 0.8567446784581989,
          "unpack_ms_step": 0.0,
          "warmup_runs": 0
        }
      }
    },
    {
      "prompt_length": 2048,
      "speedups": {
        "learned_selector": {
          "vs_exact": 3.537768088386921,
          "vs_shortlist": 2.629699259873689
        }
      },
      "variants": {
        "exact": {
          "chunk_assembly_ms_step": 0.9396756067872047,
          "decode_ms_per_step": 849.7935205814429,
          "decode_ms_per_step_p95": 849.7935205814429,
          "kv_resident_mib": 49.0,
          "m0_fraction": 1.0,
          "m0_pages": 16384,
          "m3_fraction": 0.0,
          "m3_pages": 0,
          "measured_runs": 1,
          "measurement_kind": null,
          "metadata_read_kib_step": 15098.609375,
          "mix_ms_step": 388.77359306206927,
          "payload_read_mib_step": 32.28125,
          "prefill_ms": 406.26703412272036,
          "prepare_ms_step": 0.0,
          "prompt_length": 2048,
          "resident_mib": 72.75390625,
          "score_ms_step": 387.29733211221173,
          "selector_enabled": false,
          "selector_invocations": 0,
          "selector_ms_total": 0.0,
          "selector_us_per_invocation": null,
          "shortlist_selected_pages": 0,
          "shortlist_total_pages": 0,
          "softmax_ms_step": 0.7989068108145148,
          "unpack_ms_step": 0.0,
          "warmup_runs": 0
        },
        "learned_selector": {
          "chunk_assembly_ms_step": 0.9622911165934056,
          "decode_ms_per_step": 240.20611282321624,
          "decode_ms_per_step_p95": 240.20611282321624,
          "kv_resident_mib": 128.638671875,
          "m0_fraction": 0.0045166015625,
          "m0_pages": 74,
          "m3_fraction": 0.9954833984375,
          "m3_pages": 16310,
          "measured_runs": 1,
          "measurement_kind": null,
          "metadata_read_kib_step": 6943.609375,
          "mix_ms_step": 73.87790564098395,
          "payload_read_mib_step": 127.84765625,
          "prefill_ms": 401.45591809414327,
          "prepare_ms_step": 0.0,
          "prompt_length": 2048,
          "resident_mib": 180.70703125,
          "score_ms_step": 89.16310864151455,
          "selector_enabled": true,
          "selector_invocations": 26368,
          "selector_ms_total": 707.0988025516272,
          "selector_us_per_invocation": 26.81655046084751,
          "shortlist_selected_pages": 0,
          "shortlist_total_pages": 0,
          "softmax_ms_step": 0.8005320269148797,
          "unpack_ms_step": 0.0,
          "warmup_runs": 0
        },
        "shortlist_base": {
          "chunk_assembly_ms_step": 0.9014639654196799,
          "decode_ms_per_step": 631.6698371083476,
          "decode_ms_per_step_p95": 631.6698371083476,
          "kv_resident_mib": 49.0,
          "m0_fraction": 1.0,
          "m0_pages": 16384,
          "m3_fraction": 0.0,
          "m3_pages": 0,
          "measured_runs": 1,
          "measurement_kind": null,
          "metadata_read_kib_step": 9929.176025390625,
          "mix_ms_step": 269.9627621623222,
          "payload_read_mib_step": 21.28125,
          "prefill_ms": 404.73662805743515,
          "prepare_ms_step": 0.0,
          "prompt_length": 2048,
          "resident_mib": 72.3828125,
          "score_ms_step": 273.6522011109628,
          "selector_enabled": false,
          "selector_invocations": 0,
          "selector_ms_total": 0.0,
          "selector_us_per_invocation": null,
          "shortlist_selected_pages": 43520,
          "shortlist_total_pages": 66048,
          "softmax_ms_step": 0.8627827919553965,
          "unpack_ms_step": 0.0,
          "warmup_runs": 0
        }
      }
    }
  ],
  "inputs": {
    "exact": "benchmarks/results/qwen35_27b_backend_truth_20260403_native/qwen35_9b_dotcache_exact_serving.jsonl",
    "learned": "benchmarks/results/qwen35_27b_backend_truth_20260403_native/qwen35_9b_dotcache_learned_selector_serving.jsonl",
    "learned_k_only": null,
    "learned_v_only": null,
    "shortlist": "benchmarks/results/qwen35_27b_backend_truth_20260403_native/qwen35_9b_dotcache_shortlist_base_serving.jsonl"
  }
}
