{
  "artifact_type": "linear_selector_model",
  "bias": [
    -0.4651508331298828,
    0.46515098214149475
  ],
  "classes": [
    "M0/affine/4",
    "M3/affine/4/float16"
  ],
  "feature_mean": [
    0.5,
    0.5,
    0.5478273034095764,
    0.5006508827209473,
    6.341974258422852,
    3.0758445262908936,
    11.00390625,
    256.0,
    1.323480248451233,
    2.0868477821350098,
    2.265623092651367,
    0.003499627113342285,
    22.8641357421875
  ],
  "feature_names": [
    "stage_decode",
    "kind_key",
    "layer_fraction",
    "kv_head_fraction",
    "log_token_start",
    "log_token_age",
    "token_count",
    "head_dim",
    "trace_rms",
    "log_trace_abs_max",
    "trace_channel_range_mean",
    "trace_outlier_fraction",
    "age_per_token"
  ],
  "feature_std": [
    0.5,
    0.5,
    0.2950165569782257,
    0.3690197169780731,
    1.0964858531951904,
    3.1807570457458496,
    5.192389488220215,
    1.0,
    0.6439880132675171,
    0.46170774102211,
    0.8785279393196106,
    0.004861155524849892,
    33.740909576416016
  ],
  "weight": [
    [
      -0.09260198473930359,
      0.09260197728872299
    ],
    [
      0.2195633500814438,
      -0.21956326067447662
    ],
    [
      0.05072156339883804,
      -0.05072152242064476
    ],
    [
      0.1194712221622467,
      -0.11947113275527954
    ],
    [
      0.07128046452999115,
      -0.07128043472766876
    ],
    [
      0.021792104467749596,
      -0.021792087703943253
    ],
    [
      -0.3519308269023895,
      0.3519307076931
    ],
    [
      0.0,
      0.0
    ],
    [
      1.6001008749008179,
      -1.6001007556915283
    ],
    [
      -1.7364354133605957,
      1.7364352941513062
    ],
    [
      0.3382764160633087,
      -0.3382764160633087
    ],
    [
      -0.41328728199005127,
      0.4132872521877289
    ],
    [
      0.01494853850454092,
      -0.014948513358831406
    ]
  ]
}
