{
  "comparisons": [
    {
      "learned_vs_exact_decode_speedup": 1.4526253343010054,
      "learned_vs_shortlist_decode_speedup": 1.5232795272779331,
      "prompt_length": 1024,
      "variants": {
        "exact": {
          "chunk_assembly_ms_step": 0.19271101336926222,
          "decode_ms_per_step": 90.25800612289459,
          "decode_ms_per_step_p95": 91.70442854519933,
          "kv_resident_mib": 7.4814453125,
          "m0_fraction": 0.5,
          "m0_pages": 3072,
          "m3_fraction": 0.16666666666666666,
          "m3_pages": 1024,
          "measured_runs": 5,
          "measurement_kind": "aggregate",
          "metadata_read_kib_step": 4344.59765625,
          "mix_ms_step": 34.479521214962006,
          "payload_read_mib_step": 3.34765625,
          "prefill_ms": 15.606603119522333,
          "prepare_ms_step": 0.0,
          "prompt_length": 1024,
          "resident_mib": 11.0283203125,
          "score_ms_step": 40.228774654679,
          "selector_enabled": false,
          "selector_invocations": 0,
          "selector_ms_total": 0.0,
          "selector_us_per_invocation": null,
          "shortlist_selected_pages": 0,
          "shortlist_total_pages": 0,
          "softmax_ms_step": 0.15669548884034157,
          "unpack_ms_step": 0.0,
          "warmup_runs": 1
        },
        "learned_selector": {
          "chunk_assembly_ms_step": 0.21342572290450335,
          "decode_ms_per_step": 62.134401756338775,
          "decode_ms_per_step_p95": 67.88964888546616,
          "kv_resident_mib": 9.248046875,
          "m0_fraction": 0.3919270833333333,
          "m0_pages": 2408,
          "m3_fraction": 0.6080729166666666,
          "m3_pages": 3736,
          "measured_runs": 5,
          "measurement_kind": "aggregate",
          "metadata_read_kib_step": 952.359375,
          "mix_ms_step": 19.41149274352938,
          "payload_read_mib_step": 8.501953125,
          "prefill_ms": 15.725940000265837,
          "prepare_ms_step": 0.0,
          "prompt_length": 1024,
          "resident_mib": 13.662109375,
          "score_ms_step": 26.61307482048869,
          "selector_enabled": true,
          "selector_invocations": 6144,
          "selector_ms_total": 171.32779443636537,
          "selector_us_per_invocation": 27.88538320904384,
          "shortlist_selected_pages": 0,
          "shortlist_total_pages": 0,
          "softmax_ms_step": 0.1556111965328455,
          "unpack_ms_step": 0.0,
          "warmup_runs": 1
        },
        "shortlist_base": {
          "chunk_assembly_ms_step": 0.1962274545803666,
          "decode_ms_per_step": 94.64806213509291,
          "decode_ms_per_step_p95": 97.21758558880538,
          "kv_resident_mib": 7.4814453125,
          "m0_fraction": 0.5,
          "m0_pages": 3072,
          "m3_fraction": 0.16666666666666666,
          "m3_pages": 1024,
          "measured_runs": 5,
          "measurement_kind": "aggregate",
          "metadata_read_kib_step": 4344.59765625,
          "mix_ms_step": 35.2511084638536,
          "payload_read_mib_step": 3.34765625,
          "prefill_ms": 16.03096118196845,
          "prepare_ms_step": 0.0,
          "prompt_length": 1024,
          "resident_mib": 11.0283203125,
          "score_ms_step": 40.84204195532948,
          "selector_enabled": false,
          "selector_invocations": 0,
          "selector_ms_total": 0.0,
          "selector_us_per_invocation": null,
          "shortlist_selected_pages": 3120,
          "shortlist_total_pages": 3120,
          "softmax_ms_step": 0.16010412946343422,
          "unpack_ms_step": 0.0,
          "warmup_runs": 1
        }
      }
    },
    {
      "learned_vs_exact_decode_speedup": 1.3779361027739614,
      "learned_vs_shortlist_decode_speedup": 1.064527790870793,
      "prompt_length": 2048,
      "variants": {
        "exact": {
          "chunk_assembly_ms_step": 0.19833899568766356,
          "decode_ms_per_step": 145.66357352305204,
          "decode_ms_per_step_p95": 147.0955922268331,
          "kv_resident_mib": 14.7939453125,
          "m0_fraction": 0.5,
          "m0_pages": 6144,
          "m3_fraction": 0.16666666666666666,
          "m3_pages": 2048,
          "measured_runs": 5,
          "measurement_kind": "aggregate",
          "metadata_read_kib_step": 8705.84765625,
          "mix_ms_step": 58.111015474423766,
          "payload_read_mib_step": 6.66015625,
          "prefill_ms": 18.990228418260813,
          "prepare_ms_step": 0.0,
          "prompt_length": 2048,
          "resident_mib": 21.8408203125,
          "score_ms_step": 69.96906572021544,
          "selector_enabled": false,
          "selector_invocations": 0,
          "selector_ms_total": 0.0,
          "selector_us_per_invocation": null,
          "shortlist_selected_pages": 0,
          "shortlist_total_pages": 0,
          "softmax_ms_step": 0.14967576134949923,
          "unpack_ms_step": 0.0,
          "warmup_runs": 1
        },
        "learned_selector": {
          "chunk_assembly_ms_step": 0.20227301865816116,
          "decode_ms_per_step": 105.7114137802273,
          "decode_ms_per_step_p95": 105.82819716073573,
          "kv_resident_mib": 17.6640625,
          "m0_fraction": 0.4348958333333333,
          "m0_pages": 5344,
          "m3_fraction": 0.5651041666666666,
          "m3_pages": 6944,
          "measured_runs": 5,
          "measurement_kind": "aggregate",
          "metadata_read_kib_step": 1962.359375,
          "mix_ms_step": 32.38209895789623,
          "payload_read_mib_step": 16.201171875,
          "prefill_ms": 18.816562369465828,
          "prepare_ms_step": 0.0,
          "prompt_length": 2048,
          "resident_mib": 25.662109375,
          "score_ms_step": 56.78052664734423,
          "selector_enabled": true,
          "selector_invocations": 21504,
          "selector_ms_total": 589.1659115441144,
          "selector_us_per_invocation": 27.39796835677615,
          "shortlist_selected_pages": 0,
          "shortlist_total_pages": 0,
          "softmax_ms_step": 0.14733721036463976,
          "unpack_ms_step": 0.0,
          "warmup_runs": 1
        },
        "shortlist_base": {
          "chunk_assembly_ms_step": 0.19781570881605148,
          "decode_ms_per_step": 112.53273778129369,
          "decode_ms_per_step_p95": 114.64802098926157,
          "kv_resident_mib": 14.7939453125,
          "m0_fraction": 0.5,
          "m0_pages": 6144,
          "m3_fraction": 0.16666666666666666,
          "m3_pages": 2048,
          "measured_runs": 5,
          "measurement_kind": "aggregate",
          "metadata_read_kib_step": 5732.53173828125,
          "mix_ms_step": 42.184830526821315,
          "payload_read_mib_step": 4.37890625,
          "prefill_ms": 18.933053128421307,
          "prepare_ms_step": 0.0,
          "prompt_length": 2048,
          "resident_mib": 21.6044921875,
          "score_ms_step": 48.36719809100032,
          "selector_enabled": false,
          "selector_invocations": 0,
          "selector_ms_total": 0.0,
          "selector_us_per_invocation": null,
          "shortlist_selected_pages": 4080,
          "shortlist_total_pages": 6192,
          "softmax_ms_step": 0.16480754129588604,
          "unpack_ms_step": 0.0,
          "warmup_runs": 1
        }
      }
    }
  ],
  "inputs": {
    "exact": "benchmarks/results/qwen35_backend_truth_20260402_m3_native_fp16/qwen35_0p8b_dotcache_serving_sweep.jsonl",
    "learned": "benchmarks/results/qwen35_backend_truth_20260402_m3_native_fp16/qwen35_0p8b_dotcache_learned_selector_serving.jsonl",
    "shortlist": "benchmarks/results/qwen35_backend_truth_20260402_m3_native_fp16/qwen35_0p8b_dotcache_shortlist_base_serving.jsonl"
  }
}
