{
  "comparisons": [
    {
      "prompt_length": 1024,
      "speedups": {
        "learned_selector": {
          "vs_exact": 3.203904389816521,
          "vs_shortlist": 3.2310956589307893
        }
      },
      "variants": {
        "exact": {
          "chunk_assembly_ms_step": 0.4300205619074404,
          "decode_ms_per_step": 239.43040176527575,
          "decode_ms_per_step_p95": 240.55388462729752,
          "kv_resident_mib": 12.5,
          "m0_fraction": 1.0,
          "m0_pages": 16384,
          "m3_fraction": 0.0,
          "m3_pages": 0,
          "measured_runs": 5,
          "measurement_kind": "aggregate",
          "metadata_read_kib_step": 3785.296875,
          "mix_ms_step": 106.01894359569997,
          "payload_read_mib_step": 8.140625,
          "prefill_ms": 68.18937789648771,
          "prepare_ms_step": 0.0,
          "prompt_length": 1024,
          "resident_mib": 18.44140625,
          "score_ms_step": 106.66224575834349,
          "selector_enabled": false,
          "selector_invocations": 0,
          "selector_ms_total": 0.0,
          "selector_us_per_invocation": null,
          "shortlist_selected_pages": 0,
          "shortlist_total_pages": 0,
          "softmax_ms_step": 0.4069096175953746,
          "unpack_ms_step": 0.0,
          "warmup_runs": 1
        },
        "learned_selector": {
          "chunk_assembly_ms_step": 0.5401622038334608,
          "decode_ms_per_step": 74.73081984790042,
          "decode_ms_per_step_p95": 76.29310527117923,
          "kv_resident_mib": 32.265625,
          "m0_fraction": 0.01171875,
          "m0_pages": 192,
          "m3_fraction": 0.98828125,
          "m3_pages": 16192,
          "measured_runs": 5,
          "measurement_kind": "aggregate",
          "metadata_read_kib_step": 1761.296875,
          "mix_ms_step": 28.359725140035152,
          "payload_read_mib_step": 31.859375,
          "prefill_ms": 68.19345382973552,
          "prepare_ms_step": 0.0,
          "prompt_length": 1024,
          "resident_mib": 48.28515625,
          "score_ms_step": 18.842018325813115,
          "selector_enabled": true,
          "selector_invocations": 21760,
          "selector_ms_total": 558.6956553161144,
          "selector_us_per_invocation": 25.67535180680673,
          "shortlist_selected_pages": 0,
          "shortlist_total_pages": 0,
          "softmax_ms_step": 0.421434931922704,
          "unpack_ms_step": 0.0,
          "warmup_runs": 1
        },
        "shortlist_base": {
          "chunk_assembly_ms_step": 0.43447199277579784,
          "decode_ms_per_step": 241.46242759888992,
          "decode_ms_per_step_p95": 241.83315801201388,
          "kv_resident_mib": 12.5,
          "m0_fraction": 1.0,
          "m0_pages": 16384,
          "m3_fraction": 0.0,
          "m3_pages": 0,
          "measured_runs": 5,
          "measurement_kind": "aggregate",
          "metadata_read_kib_step": 3785.296875,
          "mix_ms_step": 104.81049836380407,
          "payload_read_mib_step": 8.140625,
          "prefill_ms": 68.37452296167612,
          "prepare_ms_step": 0.0,
          "prompt_length": 1024,
          "resident_mib": 18.44140625,
          "score_ms_step": 105.82695947960019,
          "selector_enabled": false,
          "selector_invocations": 0,
          "selector_ms_total": 0.0,
          "selector_us_per_invocation": null,
          "shortlist_selected_pages": 16640,
          "shortlist_total_pages": 16640,
          "softmax_ms_step": 0.40769734187051654,
          "unpack_ms_step": 0.0,
          "warmup_runs": 1
        }
      }
    },
    {
      "prompt_length": 2048,
      "speedups": {
        "learned_selector": {
          "vs_exact": 3.9846290865412257,
          "vs_shortlist": 2.935300228562786
        }
      },
      "variants": {
        "exact": {
          "chunk_assembly_ms_step": 0.44244714081287384,
          "decode_ms_per_step": 412.2587724705227,
          "decode_ms_per_step_p95": 413.70437174336985,
          "kv_resident_mib": 24.5,
          "m0_fraction": 1.0,
          "m0_pages": 32768,
          "m3_fraction": 0.0,
          "m3_pages": 0,
          "measured_runs": 5,
          "measurement_kind": "aggregate",
          "metadata_read_kib_step": 7548.296875,
          "mix_ms_step": 191.77953113103285,
          "payload_read_mib_step": 16.140625,
          "prefill_ms": 124.2276718840003,
          "prepare_ms_step": 0.0,
          "prompt_length": 2048,
          "resident_mib": 36.37890625,
          "score_ms_step": 191.05167756788433,
          "selector_enabled": false,
          "selector_invocations": 0,
          "selector_ms_total": 0.0,
          "selector_us_per_invocation": null,
          "shortlist_selected_pages": 0,
          "shortlist_total_pages": 0,
          "softmax_ms_step": 0.3854275564663112,
          "unpack_ms_step": 0.0,
          "warmup_runs": 1
        },
        "learned_selector": {
          "chunk_assembly_ms_step": 0.5200377781875432,
          "decode_ms_per_step": 103.46227051923051,
          "decode_ms_per_step_p95": 104.34172285022214,
          "kv_resident_mib": 64.44140625,
          "m0_fraction": 0.00146484375,
          "m0_pages": 48,
          "m3_fraction": 0.99853515625,
          "m3_pages": 32720,
          "measured_runs": 5,
          "measurement_kind": "aggregate",
          "metadata_read_kib_step": 3458.296875,
          "mix_ms_step": 39.4701260374859,
          "payload_read_mib_step": 64.0703125,
          "prefill_ms": 122.57138220593333,
          "prepare_ms_step": 0.0,
          "prompt_length": 2048,
          "resident_mib": 96.57421875,
          "score_ms_step": 33.890733669977635,
          "selector_enabled": true,
          "selector_invocations": 62720,
          "selector_ms_total": 1609.0383110567927,
          "selector_us_per_invocation": 25.65430980639019,
          "shortlist_selected_pages": 0,
          "shortlist_total_pages": 0,
          "softmax_ms_step": 0.4020680789835751,
          "unpack_ms_step": 0.0,
          "warmup_runs": 1
        },
        "shortlist_base": {
          "chunk_assembly_ms_step": 0.43882778845727444,
          "decode_ms_per_step": 303.6928263027221,
          "decode_ms_per_step_p95": 304.64519237866625,
          "kv_resident_mib": 24.5,
          "m0_fraction": 1.0,
          "m0_pages": 32768,
          "m3_fraction": 0.0,
          "m3_pages": 0,
          "measured_runs": 5,
          "measurement_kind": "aggregate",
          "metadata_read_kib_step": 4963.92333984375,
          "mix_ms_step": 132.8373965807259,
          "payload_read_mib_step": 10.640625,
          "prefill_ms": 123.50388197228312,
          "prepare_ms_step": 0.0,
          "prompt_length": 2048,
          "resident_mib": 35.4140625,
          "score_ms_step": 134.43900522543117,
          "selector_enabled": false,
          "selector_invocations": 0,
          "selector_ms_total": 0.0,
          "selector_us_per_invocation": null,
          "shortlist_selected_pages": 21760,
          "shortlist_total_pages": 33024,
          "softmax_ms_step": 0.4221404087729752,
          "unpack_ms_step": 0.0,
          "warmup_runs": 1
        }
      }
    }
  ],
  "inputs": {
    "exact": "benchmarks/results/qwen35_9b_backend_truth_20260402_m3_bias_p2/qwen35_9b_dotcache_exact_serving.jsonl",
    "learned": "benchmarks/results/qwen35_9b_backend_truth_20260402_m3_bias_p2/qwen35_9b_dotcache_learned_selector_serving.jsonl",
    "learned_k_only": null,
    "learned_v_only": null,
    "shortlist": "benchmarks/results/qwen35_9b_backend_truth_20260402_m3_bias_p2/qwen35_9b_dotcache_shortlist_base_serving.jsonl"
  }
}
