{"attention_candidate_layer_count": 6, "attention_candidate_layer_ids": [3, 7, 11, 15, 19, 23], "deltanet_conv_state_bytes": 884736, "deltanet_dense_fixed_resident_bytes": 19759104, "deltanet_recurrent_state_bytes": 18874368, "deltanet_state_ready": true, "deltanet_statecache_bits": 8, "deltanet_statecache_combined_result": {"bits": 8, "error_grows_step_to_step": true, "max_abs_error": 0.04351234436035156, "max_rel_error": 43007.4609375, "output_max_abs_error": 0.009765625, "per_layer_max_abs_error": {"0": 0.03770637512207031, "1": 0.04351234436035156, "10": 0.013005495071411133, "12": 0.015251636505126953, "13": 0.012565970420837402, "14": 0.015226364135742188, "16": 0.018117904663085938, "17": 0.02795696258544922, "18": 0.030132293701171875, "2": 0.02802562713623047, "20": 0.028768539428710938, "21": 0.03860282897949219, "22": 0.021093368530273438, "4": 0.023564308881759644, "5": 0.027159690856933594, "6": 0.01472020149230957, "8": 0.012537479400634766, "9": 0.01708984375}, "per_layer_max_rel_error": {"0": 7191.45263671875, "1": 8925.2265625, "10": 4160.490234375, "12": 4276.099609375, "13": 3082.90576171875, "14": 3269.158203125, "16": 2576.4443359375, "17": 9201.021484375, "18": 9496.4921875, "2": 12318.6748046875, "20": 4177.564453125, "21": 3158.421630859375, "22": 14272.2763671875, "4": 43007.4609375, "5": 6590.4619140625, "6": 3072.0478515625, "8": 3341.983154296875, "9": 4505.14697265625}, "per_layer_output_max_abs_error": {"0": 0.00244140625, "1": 0.0022125244140625, "10": 0.0049591064453125, "12": 0.002899169921875, "13": 0.0048828125, "14": 0.0064849853515625, "16": 0.002849578857421875, "17": 0.0022125244140625, "18": 0.009765625, "2": 0.003143310546875, "20": 0.001953125, "21": 0.002166748046875, "22": 0.003173828125, "4": 0.00257110595703125, "5": 0.003173828125, "6": 0.00299072265625, "8": 0.00628662109375, "9": 0.0030670166015625}, "per_step_output_max_abs_error": [0.0, 0.00421142578125, 0.009765625], "stage_name": "post_update_m0"}, "deltanet_statecache_conv_bits": 8, "deltanet_statecache_conv_layer_bits": {"0": 8, "1": 8, "10": 8, "12": 8, "13": 8, "14": 8, "16": 8, "17": 8, "18": 8, "2": 8, "20": 8, "21": 8, "22": 8, "4": 8, "5": 8, "6": 8, "8": 8, "9": 8}, "deltanet_statecache_conv_mode_overrides": {}, "deltanet_statecache_conv_renorm_interval_overrides": {}, "deltanet_statecache_conv_result": {"bits": 8, "error_grows_step_to_step": true, "max_abs_error": 0.04351234436035156, "max_rel_error": 241.48789978027344, "output_max_abs_error": 0.00048828125, "per_layer_max_abs_error": {"0": 0.03770637512207031, "1": 0.04351234436035156, "10": 0.013005495071411133, "12": 0.015251636505126953, "13": 0.012565970420837402, "14": 0.015226364135742188, "16": 0.018117904663085938, "17": 0.02795696258544922, "18": 0.030132293701171875, "2": 0.02802562713623047, "20": 0.028768539428710938, "21": 0.03860282897949219, "22": 0.021093368530273438, "4": 0.018204212188720703, "5": 0.027159690856933594, "6": 0.01472020149230957, "8": 0.012537479400634766, "9": 0.01708984375}, "per_layer_max_rel_error": {"0": 147.54530334472656, "1": 101.8710708618164, "10": 61.4066162109375, "12": 11.616484642028809, "13": 36.62941360473633, "14": 31.61551284790039, "16": 41.47988510131836, "17": 27.23763084411621, "18": 26.472177505493164, "2": 241.48789978027344, "20": 37.60032272338867, "21": 33.59621810913086, "22": 25.669160842895508, "4": 134.18157958984375, "5": 75.76757049560547, "6": 92.04371643066406, "8": 132.8580322265625, "9": 29.434024810791016}, "per_layer_output_max_abs_error": {"0": 0.00048828125, "1": 0.00025653839111328125, "10": 7.62939453125e-05, "12": 4.9591064453125e-05, "13": 0.0001220703125, "14": 0.00018310546875, "16": 9.1552734375e-05, "17": 0.0001220703125, "18": 0.00048828125, "2": 9.1552734375e-05, "20": 0.000244140625, "21": 6.103515625e-05, "22": 0.00030517578125, "4": 0.000244140625, "5": 0.0001220703125, "6": 0.0001220703125, "8": 0.0001220703125, "9": 7.62939453125e-05}, "per_step_output_max_abs_error": [0.0, 0.00048828125, 0.00025653839111328125], "stage_name": "post_update_m0"}, "deltanet_statecache_conv_state_bytes": 884736, "deltanet_statecache_decode_ms_per_step": 125.0241956665074, "deltanet_statecache_effective_conv_compression_ratio": 1.0, "deltanet_statecache_effective_fixed_resident_compression_ratio": 2.9130434782608696, "deltanet_statecache_effective_recurrent_compression_ratio": 3.2, "deltanet_statecache_first_combined_failure_layer": 0, "deltanet_statecache_first_conv_failure_layer": 0, "deltanet_statecache_first_divergence_step": 3, "deltanet_statecache_first_failure_layer": 0, "deltanet_statecache_first_recurrent_failure_layer": 0, "deltanet_statecache_fixed_resident_bytes": 6782976, "deltanet_statecache_group_size": 32, "deltanet_statecache_layer_bits": {"0": 8, "1": 8, "10": 8, "12": 8, "13": 8, "14": 8, "16": 8, "17": 8, "18": 8, "2": 8, "20": 8, "21": 8, "22": 8, "4": 8, "5": 8, "6": 8, "8": 8, "9": 8}, "deltanet_statecache_per_layer_conv_bits": {"0": 8, "1": 8, "10": 8, "12": 8, "13": 8, "14": 8, "16": 8, "17": 8, "18": 8, "2": 8, "20": 8, "21": 8, "22": 8, "4": 8, "5": 8, "6": 8, "8": 8, "9": 8}, "deltanet_statecache_per_layer_conv_bytes": {"0": 49152, "1": 49152, "10": 49152, "12": 49152, "13": 49152, "14": 49152, "16": 49152, "17": 49152, "18": 49152, "2": 49152, "20": 49152, "21": 49152, "22": 49152, "4": 49152, "5": 49152, "6": 49152, "8": 49152, "9": 49152}, "deltanet_statecache_per_layer_conv_mode": {"0": "M0", "1": "M0", "10": "M0", "12": "M0", "13": "M0", "14": "M0", "16": "M0", "17": "M0", "18": "M0", "2": "M0", "20": "M0", "21": "M0", "22": "M0", "4": "M0", "5": "M0", "6": "M0", "8": "M0", "9": "M0"}, "deltanet_statecache_per_layer_dense_conv_bytes": {"0": 49152, "1": 49152, "10": 49152, "12": 49152, "13": 49152, "14": 49152, "16": 49152, "17": 49152, "18": 49152, "2": 49152, "20": 49152, "21": 49152, "22": 49152, "4": 49152, "5": 49152, "6": 49152, "8": 49152, "9": 49152}, "deltanet_statecache_per_layer_dense_recurrent_bytes": {"0": 1048576, "1": 1048576, "10": 1048576, "12": 1048576, "13": 1048576, "14": 1048576, "16": 1048576, "17": 1048576, "18": 1048576, "2": 1048576, "20": 1048576, "21": 1048576, "22": 1048576, "4": 1048576, "5": 1048576, "6": 1048576, "8": 1048576, "9": 1048576}, "deltanet_statecache_per_layer_recurrent_bits": {"0": 8, "1": 8, "10": 8, "12": 8, "13": 8, "14": 8, "16": 8, "17": 8, "18": 8, "2": 8, "20": 8, "21": 8, "22": 8, "4": 8, "5": 8, "6": 8, "8": 8, "9": 8}, "deltanet_statecache_per_layer_recurrent_bytes": {"0": 327680, "1": 327680, "10": 327680, "12": 327680, "13": 327680, "14": 327680, "16": 327680, "17": 327680, "18": 327680, "2": 327680, "20": 327680, "21": 327680, "22": 327680, "4": 327680, "5": 327680, "6": 327680, "8": 327680, "9": 327680}, "deltanet_statecache_per_layer_recurrent_mode": {"0": "M0", "1": "M0", "10": "M0", "12": "M0", "13": "M0", "14": "M0", "16": "M0", "17": "M0", "18": "M0", "2": "M0", "20": "M0", "21": "M0", "22": "M0", "4": "M0", "5": "M0", "6": "M0", "8": "M0", "9": "M0"}, "deltanet_statecache_per_step_logit_max_abs_error": [0.0, 0.134765625, 0.154296875, 21.642578125], "deltanet_statecache_ready": true, "deltanet_statecache_recurrent_mode_overrides": {}, "deltanet_statecache_recurrent_renorm_interval_overrides": {"12": 2, "18": 2, "21": 2, "5": 2, "8": 2}, "deltanet_statecache_recurrent_result": {"bits": 8, "error_grows_step_to_step": true, "max_abs_error": 0.023562490940093994, "max_rel_error": 43004.75, "output_max_abs_error": 0.009765625, "per_layer_max_abs_error": {"0": 0.0057488903403282166, "1": 0.004755745641887188, "10": 0.0012809662148356438, "12": 0.010034993290901184, "13": 0.002052193507552147, "14": 0.005101419985294342, "16": 0.0037536099553108215, "17": 0.0058227721601724625, "18": 0.01295877993106842, "2": 0.005239543505012989, "20": 0.010111570358276367, "21": 0.0050972141325473785, "22": 0.005966052412986755, "4": 0.023562490940093994, "5": 0.005642825737595558, "6": 0.002820999128744006, "8": 0.00907809566706419,