{
  "comparisons": [
    {
      "prompt_length": 1024,
      "speedups": {
        "learned_selector": {
          "vs_exact": 3.2429818960627586,
          "vs_shortlist": 3.2446174226798385
        }
      },
      "variants": {
        "exact": {
          "chunk_assembly_ms_step": 0.43715370702557266,
          "decode_ms_per_step": 242.51539027318358,
          "decode_ms_per_step_p95": 268.8724956475198,
          "kv_resident_mib": 12.5,
          "m0_fraction": 1.0,
          "m0_pages": 16384,
          "m3_fraction": 0.0,
          "m3_pages": 0,
          "measured_runs": 5,
          "measurement_kind": "aggregate",
          "metadata_read_kib_step": 3785.296875,
          "mix_ms_step": 104.93583761854097,
          "payload_read_mib_step": 8.140625,
          "prefill_ms": 456.0101230163127,
          "prepare_ms_step": 0.0,
          "prompt_length": 1024,
          "resident_mib": 18.44140625,
          "score_ms_step": 105.61148007400334,
          "selector_enabled": false,
          "selector_invocations": 0,
          "selector_ms_total": 0.0,
          "selector_us_per_invocation": null,
          "shortlist_selected_pages": 0,
          "shortlist_total_pages": 0,
          "softmax_ms_step": 0.3931515384465456,
          "unpack_ms_step": 0.0,
          "warmup_runs": 1
        },
        "learned_selector": {
          "chunk_assembly_ms_step": 0.5237084114924073,
          "decode_ms_per_step": 74.78160472237505,
          "decode_ms_per_step_p95": 77.40563421393745,
          "kv_resident_mib": 32.255859375,
          "m0_fraction": 0.01220703125,
          "m0_pages": 200,
          "m3_fraction": 0.98779296875,
          "m3_pages": 16184,
          "measured_runs": 5,
          "measurement_kind": "aggregate",
          "metadata_read_kib_step": 1762.296875,
          "mix_ms_step": 26.047557941637933,
          "payload_read_mib_step": 31.84765625,
          "prefill_ms": 446.6343279927969,
          "prepare_ms_step": 0.0,
          "prompt_length": 1024,
          "resident_mib": 48.296875,
          "score_ms_step": 18.30568804871291,
          "selector_enabled": true,
          "selector_invocations": 16384,
          "selector_ms_total": 423.9527874160558,
          "selector_us_per_invocation": 25.876024622562,
          "shortlist_selected_pages": 0,
          "shortlist_total_pages": 0,
          "softmax_ms_step": 0.37877075374126434,
          "unpack_ms_step": 0.0,
          "warmup_runs": 1
        },
        "shortlist_base": {
          "chunk_assembly_ms_step": 0.4360369930509478,
          "decode_ms_per_step": 242.637697578175,
          "decode_ms_per_step_p95": 268.87782646226697,
          "kv_resident_mib": 12.5,
          "m0_fraction": 1.0,
          "m0_pages": 16384,
          "m3_fraction": 0.0,
          "m3_pages": 0,
          "measured_runs": 5,
          "measurement_kind": "aggregate",
          "metadata_read_kib_step": 3785.296875,
          "mix_ms_step": 103.11200126307085,
          "payload_read_mib_step": 8.140625,
          "prefill_ms": 460.2004820480943,
          "prepare_ms_step": 0.0,
          "prompt_length": 1024,
          "resident_mib": 18.44140625,
          "score_ms_step": 104.53701711958274,
          "selector_enabled": false,
          "selector_invocations": 0,
          "selector_ms_total": 0.0,
          "selector_us_per_invocation": null,
          "shortlist_selected_pages": 16640,
          "shortlist_total_pages": 16640,
          "softmax_ms_step": 0.40137075120583177,
          "unpack_ms_step": 0.0,
          "warmup_runs": 1
        }
      }
    },
    {
      "prompt_length": 2048,
      "speedups": {
        "learned_selector": {
          "vs_exact": 3.8281995806630533,
          "vs_shortlist": 2.9109443205920487
        }
      },
      "variants": {
        "exact": {
          "chunk_assembly_ms_step": 0.44565097778104246,
          "decode_ms_per_step": 404.7011856455356,
          "decode_ms_per_step_p95": 419.4713109114673,
          "kv_resident_mib": 24.5,
          "m0_fraction": 1.0,
          "m0_pages": 32768,
          "m3_fraction": 0.0,
          "m3_pages": 0,
          "measured_runs": 5,
          "measurement_kind": "aggregate",
          "metadata_read_kib_step": 7548.296875,
          "mix_ms_step": 186.14107108442113,
          "payload_read_mib_step": 16.140625,
          "prefill_ms": 525.6869890727103,
          "prepare_ms_step": 0.0,
          "prompt_length": 2048,
          "resident_mib": 36.37890625,
          "score_ms_step": 184.82909319573082,
          "selector_enabled": false,
          "selector_invocations": 0,
          "selector_ms_total": 0.0,
          "selector_us_per_invocation": null,
          "shortlist_selected_pages": 0,
          "shortlist_total_pages": 0,
          "softmax_ms_step": 0.36691827699542046,
          "unpack_ms_step": 0.0,
          "warmup_runs": 1
        },
        "learned_selector": {
          "chunk_assembly_ms_step": 0.4866720119025558,
          "decode_ms_per_step": 105.71580115356483,
          "decode_ms_per_step_p95": 106.144861219218,
          "kv_resident_mib": 64.44140625,
          "m0_fraction": 0.00146484375,
          "m0_pages": 48,
          "m3_fraction": 0.99853515625,
          "m3_pages": 32720,
          "measured_runs": 5,
          "measurement_kind": "aggregate",
          "metadata_read_kib_step": 3458.296875,
          "mix_ms_step": 36.80406592320651,
          "payload_read_mib_step": 64.0703125,
          "prefill_ms": 529.9192608799785,
          "prepare_ms_step": 0.0,
          "prompt_length": 2048,
          "resident_mib": 96.57421875,
          "score_ms_step": 33.260062540648505,
          "selector_enabled": true,
          "selector_invocations": 57344,
          "selector_ms_total": 1463.6222296394408,
          "selector_us_per_invocation": 25.52354613629047,
          "shortlist_selected_pages": 0,
          "shortlist_total_pages": 0,
          "softmax_ms_step": 0.3535262949299067,
          "unpack_ms_step": 0.0,
          "warmup_runs": 1
        },
        "shortlist_base": {
          "chunk_assembly_ms_step": 0.4488088598009199,
          "decode_ms_per_step": 307.73281096480787,
          "decode_ms_per_step_p95": 317.26964549161494,
          "kv_resident_mib": 24.5,
          "m0_fraction": 1.0,
          "m0_pages": 32768,
          "m3_fraction": 0.0,
          "m3_pages": 0,
          "measured_runs": 5,
          "measurement_kind": "aggregate",
          "metadata_read_kib_step": 4963.9248046875,
          "mix_ms_step": 131.58340944210067,
          "payload_read_mib_step": 10.640625,
          "prefill_ms": 538.054658100009,
          "prepare_ms_step": 0.0,
          "prompt_length": 2048,
          "resident_mib": 35.4140625,
          "score_ms_step": 133.1827702524606,
          "selector_enabled": false,
          "selector_invocations": 0,
          "selector_ms_total": 0.0,
          "selector_us_per_invocation": null,
          "shortlist_selected_pages": 21760,
          "shortlist_total_pages": 33024,
          "softmax_ms_step": 0.4205041332170367,
          "unpack_ms_step": 0.0,
          "warmup_runs": 1
        }
      }
    }
  ],
  "inputs": {
    "exact": "/workspace/DotCache/benchmarks/results/qwen_results_matrix_20260404/qwen35_9b/backend_truth/qwen35_9b_dotcache_exact_serving.jsonl",
    "learned": "/workspace/DotCache/benchmarks/results/qwen_results_matrix_20260404/qwen35_9b/backend_truth/qwen35_9b_dotcache_learned_selector_serving.jsonl",
    "learned_k_only": null,
    "learned_v_only": null,
    "shortlist": "/workspace/DotCache/benchmarks/results/qwen_results_matrix_20260404/qwen35_9b/backend_truth/qwen35_9b_dotcache_shortlist_base_serving.jsonl"
  }
}
