{
  "comparisons": [
    {
      "prompt_length": 1024,
      "speedups": {
        "learned_selector": {
          "vs_exact": 3.138004177580813,
          "vs_shortlist": 3.2443069383600878
        }
      },
      "variants": {
        "exact": {
          "chunk_assembly_ms_step": 0.8921437547542155,
          "decode_ms_per_step": 497.9011672839988,
          "decode_ms_per_step_p95": 497.9011672839988,
          "kv_resident_mib": 25.0,
          "m0_fraction": 1.0,
          "m0_pages": 8192,
          "m3_fraction": 0.0,
          "m3_pages": 0,
          "measured_runs": 1,
          "measurement_kind": null,
          "metadata_read_kib_step": 7571.609375,
          "mix_ms_step": 214.58871130016632,
          "payload_read_mib_step": 16.28125,
          "prefill_ms": 216.74158982932568,
          "prepare_ms_step": 0.0,
          "prompt_length": 1024,
          "resident_mib": 36.87890625,
          "score_ms_step": 215.97127232234925,
          "selector_enabled": false,
          "selector_invocations": 0,
          "selector_ms_total": 0.0,
          "selector_us_per_invocation": null,
          "shortlist_selected_pages": 0,
          "shortlist_total_pages": 0,
          "softmax_ms_step": 0.8072289929259568,
          "unpack_ms_step": 0.0,
          "warmup_runs": 0
        },
        "learned_selector": {
          "chunk_assembly_ms_step": 1.0046449315268546,
          "decode_ms_per_step": 158.66810211446136,
          "decode_ms_per_step_p95": 158.66810211446136,
          "kv_resident_mib": 64.4384765625,
          "m0_fraction": 0.0140380859375,
          "m0_pages": 115,
          "m3_fraction": 0.9859619140625,
          "m3_pages": 8077,
          "measured_runs": 1,
          "measurement_kind": null,
          "metadata_read_kib_step": 3533.109375,
          "mix_ms_step": 51.942487800261006,
          "payload_read_mib_step": 63.607421875,
          "prefill_ms": 216.69146581552923,
          "prepare_ms_step": 0.0,
          "prompt_length": 1024,
          "resident_mib": 87.677734375,
          "score_ms_step": 38.78597816219553,
          "selector_enabled": true,
          "selector_invocations": 9984,
          "selector_ms_total": 263.01009813323617,
          "selector_us_per_invocation": 26.343158867511637,
          "shortlist_selected_pages": 0,
          "shortlist_total_pages": 0,
          "softmax_ms_step": 0.7769482326693833,
          "unpack_ms_step": 0.0,
          "warmup_runs": 0
        },
        "shortlist_base": {
          "chunk_assembly_ms_step": 0.896395999006927,
          "decode_ms_per_step": 514.7680245863739,
          "decode_ms_per_step_p95": 514.7680245863739,
          "kv_resident_mib": 25.0,
          "m0_fraction": 1.0,
          "m0_pages": 8192,
          "m3_fraction": 0.0,
          "m3_pages": 0,
          "measured_runs": 1,
          "measurement_kind": null,
          "metadata_read_kib_step": 7571.609375,
          "mix_ms_step": 217.75055769830942,
          "payload_read_mib_step": 16.28125,
          "prefill_ms": 217.16531505808234,
          "prepare_ms_step": 0.0,
          "prompt_length": 1024,
          "resident_mib": 36.87890625,
          "score_ms_step": 220.08641966385767,
          "selector_enabled": false,
          "selector_invocations": 0,
          "selector_ms_total": 0.0,
          "selector_us_per_invocation": null,
          "shortlist_selected_pages": 33280,
          "shortlist_total_pages": 33280,
          "softmax_ms_step": 0.848571362439543,
          "unpack_ms_step": 0.0,
          "warmup_runs": 0
        }
      }
    },
    {
      "prompt_length": 2048,
      "speedups": {
        "learned_selector": {
          "vs_exact": 3.4683267773734583,
          "vs_shortlist": 2.6183804846688603
        }
      },
      "variants": {
        "exact": {
          "chunk_assembly_ms_step": 0.9273996693082154,
          "decode_ms_per_step": 840.8489877183456,
          "decode_ms_per_step_p95": 840.8489877183456,
          "kv_resident_mib": 49.0,
          "m0_fraction": 1.0,
          "m0_pages": 16384,
          "m3_fraction": 0.0,
          "m3_pages": 0,
          "measured_runs": 1,
          "measurement_kind": null,
          "metadata_read_kib_step": 15098.609375,
          "mix_ms_step": 385.0975836685393,
          "payload_read_mib_step": 32.28125,
          "prefill_ms": 403.4071718342602,
          "prepare_ms_step": 0.0,
          "prompt_length": 2048,
          "resident_mib": 72.75390625,
          "score_ms_step": 383.5500771238003,
          "selector_enabled": false,
          "selector_invocations": 0,
          "selector_ms_total": 0.0,
          "selector_us_per_invocation": null,
          "shortlist_selected_pages": 0,
          "shortlist_total_pages": 0,
          "softmax_ms_step": 0.7673455402255058,
          "unpack_ms_step": 0.0,
          "warmup_runs": 0
        },
        "learned_selector": {
          "chunk_assembly_ms_step": 1.2287611316423863,
          "decode_ms_per_step": 242.43649508571252,
          "decode_ms_per_step_p95": 242.43649508571252,
          "kv_resident_mib": 127.916015625,
          "m0_fraction": 0.0135498046875,
          "m0_pages": 222,
          "m3_fraction": 0.9864501953125,
          "m3_pages": 16162,
          "measured_runs": 1,
          "measurement_kind": null,
          "metadata_read_kib_step": 7017.609375,
          "mix_ms_step": 97.4804115248844,
          "payload_read_mib_step": 126.98046875,
          "prefill_ms": 403.8894521072507,
          "prepare_ms_step": 0.0,
          "prompt_length": 2048,
          "resident_mib": 140.3046875,
          "score_ms_step": 69.70434990944341,
          "selector_enabled": true,
          "selector_invocations": 26368,
          "selector_ms_total": 673.8754482939839,
          "selector_us_per_invocation": 25.556562814547327,
          "shortlist_selected_pages": 0,
          "shortlist_total_pages": 0,
          "softmax_ms_step": 0.7401612238027155,
          "unpack_ms_step": 0.0,
          "warmup_runs": 0
        },
        "shortlist_base": {
          "chunk_assembly_ms_step": 0.909567199414596,
          "decode_ms_per_step": 634.7909875039477,
          "decode_ms_per_step_p95": 634.7909875039477,
          "kv_resident_mib": 49.0,
          "m0_fraction": 1.0,
          "m0_pages": 16384,
          "m3_fraction": 0.0,
          "m3_pages": 0,
          "measured_runs": 1,
          "measurement_kind": null,
          "metadata_read_kib_step": 9929.176025390625,
          "mix_ms_step": 270.3132460883353,
          "payload_read_mib_step": 21.28125,
          "prefill_ms": 404.66483286581933,
          "prepare_ms_step": 0.0,
          "prompt_length": 2048,
          "resident_mib": 72.3828125,
          "score_ms_step": 274.9048518599011,
          "selector_enabled": false,
          "selector_invocations": 0,
          "selector_ms_total": 0.0,
          "selector_us_per_invocation": null,
          "shortlist_selected_pages": 43520,
          "shortlist_total_pages": 66048,
          "softmax_ms_step": 0.8738750184420496,
          "unpack_ms_step": 0.0,
          "warmup_runs": 0
        }
      }
    }
  ],
  "inputs": {
    "exact": "benchmarks/results/qwen35_27b_backend_truth_20260403_transfer9b/qwen35_9b_dotcache_exact_serving.jsonl",
    "learned": "benchmarks/results/qwen35_27b_backend_truth_20260403_transfer9b/qwen35_9b_dotcache_learned_selector_serving.jsonl",
    "learned_k_only": null,
    "learned_v_only": null,
    "shortlist": "benchmarks/results/qwen35_27b_backend_truth_20260403_transfer9b/qwen35_9b_dotcache_shortlist_base_serving.jsonl"
  }
}
