{
  "comparisons": [
    {
      "learned_vs_exact_decode_speedup": 1.440717170117554,
      "learned_vs_shortlist_decode_speedup": 1.456793993029132,
      "prompt_length": 1024,
      "variants": {
        "exact": {
          "chunk_assembly_ms_step": 0.19630382303148508,
          "decode_ms_per_step": 113.77184127923101,
          "kv_resident_mib": 7.4814453125,
          "m0_fraction": 0.5,
          "m0_pages": 768,
          "m3_fraction": 0.16666666666666666,
          "m3_pages": 256,
          "metadata_read_kib_step": 4344.59765625,
          "mix_ms_step": 42.59281128179282,
          "payload_read_mib_step": 3.34765625,
          "prefill_ms": 459.3247319571674,
          "prepare_ms_step": 0.0,
          "prompt_length": 1024,
          "resident_mib": 10.7138671875,
          "score_ms_step": 44.429310131818056,
          "selector_enabled": false,
          "selector_invocations": 0,
          "selector_ms_total": 0.0,
          "selector_us_per_invocation": null,
          "shortlist_selected_pages": 0,
          "shortlist_total_pages": 0,
          "softmax_ms_step": 2.3114224895834923,
          "unpack_ms_step": 0.0
        },
        "learned_selector": {
          "chunk_assembly_ms_step": 0.2133606467396021,
          "decode_ms_per_step": 78.9688938530162,
          "kv_resident_mib": 9.248046875,
          "m0_fraction": 0.3919270833333333,
          "m0_pages": 602,
          "m3_fraction": 0.6080729166666666,
          "m3_pages": 934,
          "metadata_read_kib_step": 952.359375,
          "mix_ms_step": 23.43312615994364,
          "payload_read_mib_step": 8.501953125,
          "prefill_ms": 447.2965397872031,
          "prepare_ms_step": 0.0,
          "prompt_length": 1024,
          "resident_mib": 13.6455078125,
          "score_ms_step": 27.16634259559214,
          "selector_enabled": true,
          "selector_invocations": 1536,
          "selector_ms_total": 41.64658393710852,
          "selector_us_per_invocation": 27.113661417388357,
          "shortlist_selected_pages": 0,
          "shortlist_total_pages": 0,
          "softmax_ms_step": 2.1622435888275504,
          "unpack_ms_step": 1.6872024862095714
        },
        "shortlist_base": {
          "chunk_assembly_ms_step": 0.19703712314367294,
          "decode_ms_per_step": 115.04141020122916,
          "kv_resident_mib": 7.4814453125,
          "m0_fraction": 0.5,
          "m0_pages": 768,
          "m3_fraction": 0.16666666666666666,
          "m3_pages": 256,
          "metadata_read_kib_step": 4344.59765625,
          "mix_ms_step": 42.54615376703441,
          "payload_read_mib_step": 3.34765625,
          "prefill_ms": 445.2044731006026,
          "prepare_ms_step": 0.0,
          "prompt_length": 1024,
          "resident_mib": 10.7138671875,
          "score_ms_step": 43.03570417687297,
          "selector_enabled": false,
          "selector_invocations": 0,
          "selector_ms_total": 0.0,
          "selector_us_per_invocation": null,
          "shortlist_selected_pages": 3120,
          "shortlist_total_pages": 3120,
          "softmax_ms_step": 2.086161053739488,
          "unpack_ms_step": 0.0
        }
      }
    },
    {
      "learned_vs_exact_decode_speedup": 1.3558383835258216,
      "learned_vs_shortlist_decode_speedup": 1.057553983718754,
      "prompt_length": 2048,
      "variants": {
        "exact": {
          "chunk_assembly_ms_step": 0.1934102037921548,
          "decode_ms_per_step": 142.72300933953375,
          "kv_resident_mib": 14.7939453125,
          "m0_fraction": 0.5,
          "m0_pages": 1536,
          "m3_fraction": 0.16666666666666666,
          "m3_pages": 512,
          "metadata_read_kib_step": 8705.84765625,
          "mix_ms_step": 56.57328956294805,
          "payload_read_mib_step": 6.66015625,
          "prefill_ms": 19.484079908579588,
          "prepare_ms_step": 0.0,
          "prompt_length": 2048,
          "resident_mib": 21.2138671875,
          "score_ms_step": 68.86097975075245,
          "selector_enabled": false,
          "selector_invocations": 0,
          "selector_ms_total": 0.0,
          "selector_us_per_invocation": null,
          "shortlist_selected_pages": 0,
          "shortlist_total_pages": 0,
          "softmax_ms_step": 0.15372235793620348,
          "unpack_ms_step": 0.0
        },
        "learned_selector": {
          "chunk_assembly_ms_step": 0.19511755090206861,
          "decode_ms_per_step": 105.26550293434411,
          "kv_resident_mib": 17.6640625,
          "m0_fraction": 0.4348958333333333,
          "m0_pages": 1336,
          "m3_fraction": 0.5651041666666666,
          "m3_pages": 1736,
          "metadata_read_kib_step": 1962.359375,
          "mix_ms_step": 31.78243909496814,
          "payload_read_mib_step": 16.201171875,
          "prefill_ms": 19.33305012062192,
          "prepare_ms_step": 0.0,
          "prompt_length": 2048,
          "resident_mib": 24.677734375,
          "score_ms_step": 56.51599646080285,
          "selector_enabled": true,
          "selector_invocations": 4608,
          "selector_ms_total": 124.97662613168359,
          "selector_us_per_invocation": 27.12166365704939,
          "shortlist_selected_pages": 0,
          "shortlist_total_pages": 0,
          "softmax_ms_step": 0.14979857951402664,
          "unpack_ms_step": 5.381342256441712
        },
        "shortlist_base": {
          "chunk_assembly_ms_step": 0.19581790547817945,
          "decode_ms_per_step": 111.32395197637379,
          "kv_resident_mib": 14.7939453125,
          "m0_fraction": 0.5,
          "m0_pages": 1536,
          "m3_fraction": 0.16666666666666666,
          "m3_pages": 512,
          "metadata_read_kib_step": 5732.53173828125,
          "mix_ms_step": 40.810748003423214,
          "payload_read_mib_step": 4.37890625,
          "prefill_ms": 19.343866035342216,
          "prepare_ms_step": 0.0,
          "prompt_length": 2048,
          "resident_mib": 21.0693359375,
          "score_ms_step": 47.64471063390374,
          "selector_enabled": false,
          "selector_invocations": 0,
          "selector_ms_total": 0.0,
          "selector_us_per_invocation": null,
          "shortlist_selected_pages": 4080,
          "shortlist_total_pages": 6192,
          "softmax_ms_step": 0.1644741278141737,
          "unpack_ms_step": 0.0
        }
      }
    }
  ],
  "inputs": {
    "exact": "benchmarks/results/qwen35_backend_truth_20260402/qwen35_0p8b_dotcache_serving_sweep.jsonl",
    "learned": "benchmarks/results/qwen35_backend_truth_20260402/qwen35_0p8b_dotcache_learned_selector_serving.jsonl",
    "shortlist": "benchmarks/results/qwen35_backend_truth_20260402/qwen35_0p8b_dotcache_shortlist_base_serving.jsonl"
  }
}
