{"attention_candidate_layer_count": 6, "attention_candidate_layer_ids": [3, 7, 11, 15, 19, 23], "backend": "torch_cuda", "benchmark": "qwen35_deltanet_statecache_localization", "deltanet_conv_state_bytes": 884736, "deltanet_dense_fixed_resident_bytes": 19759104, "deltanet_recurrent_state_bytes": 18874368, "deltanet_state_ready": true, "deltanet_statecache_bits": 8, "deltanet_statecache_combined_result": {"bits": 8, "error_grows_step_to_step": true, "max_abs_error": 0.05353546142578125, "max_rel_error": 210000.0, "output_max_abs_error": 0.0087890625, "per_layer_max_abs_error": {"0": 0.049233078956604004, "1": 0.05353546142578125, "10": 0.016605377197265625, "12": 0.017578125, "13": 0.014200329780578613, "14": 0.015625, "16": 0.01953136920928955, "17": 0.03451251983642578, "18": 0.04410219192504883, "2": 0.03567695617675781, "20": 0.035979270935058594, "21": 0.034313201904296875, "22": 0.02198505401611328, "4": 0.024697065353393555, "5": 0.023327350616455078, "6": 0.013997316360473633, "8": 0.016974925994873047, "9": 0.026692867279052734}, "per_layer_max_rel_error": {"0": 6443.6318359375, "1": 19833.8515625, "10": 5890.97900390625, "12": 8398.1513671875, "13": 16272.1884765625, "14": 21427.162109375, "16": 7802.1015625, "17": 47872.73828125, "18": 6367.00927734375, "2": 48816.09765625, "20": 49166.125, "21": 15637.1298828125, "22": 21977.91796875, "4": 13254.923828125, "5": 7658.4931640625, "6": 22215.888671875, "8": 210000.0, "9": 5789.00048828125}, "per_layer_output_max_abs_error": {"0": 0.001953125, "1": 0.003173828125, "10": 0.00507354736328125, "12": 0.00400543212890625, "13": 0.0058746337890625, "14": 0.007843017578125, "16": 0.0032634735107421875, "17": 0.003509521484375, "18": 0.0087890625, "2": 0.0078125, "20": 0.00249481201171875, "21": 0.00286865234375, "22": 0.006591796875, "4": 0.004638671875, "5": 0.0029296875, "6": 0.00354766845703125, "8": 0.003917694091796875, "9": 0.00469970703125}, "per_step_output_max_abs_error": [0.0, 0.0078125, 0.004978179931640625, 0.00830078125, 0.0087890625, 0.00634765625, 0.0057220458984375], "stage_name": "post_update_m0"}, "deltanet_statecache_conv_bits": 8, "deltanet_statecache_conv_layer_bits": {}, "deltanet_statecache_conv_mode_overrides": {}, "deltanet_statecache_conv_renorm_interval_overrides": {}, "deltanet_statecache_conv_result": {"bits": 8, "error_grows_step_to_step": true, "max_abs_error": 0.05353546142578125, "max_rel_error": 1049.2318115234375, "output_max_abs_error": 0.00048828125, "per_layer_max_abs_error": {"0": 0.049233078956604004, "1": 0.05353546142578125, "10": 0.016605377197265625, "12": 0.017578125, "13": 0.014200329780578613, "14": 0.015625, "16": 0.01953136920928955, "17": 0.03451251983642578, "18": 0.04410219192504883, "2": 0.03567695617675781, "20": 0.035979270935058594, "21": 0.034313201904296875, "22": 0.02198505401611328, "4": 0.024697065353393555, "5": 0.023327350616455078, "6": 0.013997316360473633, "8": 0.016974925994873047, "9": 0.026692867279052734}, "per_layer_max_rel_error": {"0": 149.6052703857422, "1": 316.1724548339844, "10": 79.15011596679688, "12": 36.368770599365234, "13": 271.93878173828125, "14": 73.15577697753906, "16": 175.48484802246094, "17": 122.2756118774414, "18": 94.5660400390625, "2": 233.0580291748047, "20": 99.63665008544922, "21": 119.66692352294922, "22": 73.90816497802734, "4": 144.64076232910156, "5": 1049.2318115234375, "6": 556.8068237304688, "8": 84.02057647705078, "9": 51.02739715576172}, "per_layer_output_max_abs_error": {"0": 0.00048828125, "1": 0.000244140625, "10": 0.0001220703125, "12": 0.0002448558807373047, "13": 0.0001220703125, "14": 0.000244140625, "16": 0.0001220703125, "17": 6.103515625e-05, "18": 0.00048828125, "2": 0.000244140625, "20": 0.0001220703125, "21": 0.0001220703125, "22": 0.00048828125, "4": 0.000244140625, "5": 0.000244140625, "6": 0.0001220703125, "8": 0.0001220703125, "9": 0.0001220703125}, "per_step_output_max_abs_error": [0.0, 0.00048828125, 0.00048828125, 0.00048828125, 0.00048828125, 0.000244140625, 0.000244140625], "stage_name": "post_update_m0"}, "deltanet_statecache_conv_state_bytes": 884736, "deltanet_statecache_decode_ms_per_step": 87.7509998577547, "deltanet_statecache_effective_conv_compression_ratio": 1.0, "deltanet_statecache_effective_fixed_resident_compression_ratio": 2.9130434782608696, "deltanet_statecache_effective_recurrent_compression_ratio": 3.2, "deltanet_statecache_first_combined_failure_layer": 0, "deltanet_statecache_first_conv_failure_layer": 0, "deltanet_statecache_first_divergence_step": null, "deltanet_statecache_first_failure_layer": 0, "deltanet_statecache_first_recurrent_failure_layer": 0, "deltanet_statecache_first_recurrent_state_failure_layer": 0, "deltanet_statecache_fixed_resident_bytes": 6782976, "deltanet_statecache_group_size": 32, "deltanet_statecache_layer_bits": {}, "deltanet_statecache_per_layer_conv_bits": {"0": 8, "1": 8, "10": 8, "12": 8, "13": 8, "14": 8, "16": 8, "17": 8, "18": 8, "2": 8, "20": 8, "21": 8, "22": 8, "4": 8, "5": 8, "6": 8, "8": 8, "9": 8}, "deltanet_statecache_per_layer_conv_bytes": {"0": 49152, "1": 49152, "10": 49152, "12": 49152, "13": 49152, "14": 49152, "16": 49152, "17": 49152, "18": 49152, "2": 49152, "20": 49152, "21": 49152, "22": 49152, "4": 49152, "5": 49152, "6": 49152, "8": 49152, "9": 49152}, "deltanet_statecache_per_layer_conv_mode": {"0": "M0", "1": "M0", "10": "M0", "12": "M0", "13": "M0", "14": "M0", "16": "M0", "17": "M0", "18": "M0", "2": "M0", "20": "M0", "21": "M0", "22": "M0", "4": "M0", "5": "M0", "6": "M0", "8": "M0", "9": "M0"}, "deltanet_statecache_per_layer_dense_conv_bytes": {"0": 49152, "1": 49152, "10": 49152, "12": 49152, "13": 49152, "14": 49152, "16": 49152, "17": 49152, "18": 49152, "2": 49152, "20": 49152, "21": 49152, "22": 49152, "4": 49152, "5": 49152, "6": 49152, "8": 49152, "9": 49152}, "deltanet_statecache_per_layer_dense_recurrent_bytes": {"0": 1048576, "1": 1048576, "10": 1048576, "12": 1048576, "13": 1048576, "14": 1048576, "16": 1048576, "17": 1048576, "18": 1048576, "2": 1048576, "20": 1048576, "21": 1048576, "22": 1048576, "4": 1048576, "5": 1048576, "6": 1048576, "8": 1048576, "9": 1048576}, "deltanet_statecache_per_layer_recurrent_bits": {"0": 8, "1": 8, "10": 8, "12": 8, "13": 8, "14": 8, "16": 8, "17": 8, "18": 8, "2": 8, "20": 8, "21": 8, "22": 8, "4": 8, "5": 8, "6": 8, "8": 8, "9": 8}, "deltanet_statecache_per_layer_recurrent_bytes": {"0": 327680, "1": 327680, "10": 327680, "12": 327680, "13": 327680, "14": 327680, "16": 327680, "17": 327680, "18": 327680, "2": 327680, "20": 327680, "21": 327680, "22": 327680, "4": 327680, "5": 327680, "6": 327680, "8": 327680, "9": 327680}, "deltanet_statecache_per_layer_recurrent_mode": {"0": "M0", "1": "M0", "10": "M0", "12": "M0", "13": "M0", "14": "M0", "16": "M0", "17": "M0", "18": "M0", "2": "M0", "20": "M0", "21": "M0", "22": "M0", "4": "M0", "5": "M0", "6": "M0", "8": "M0", "9": "M0"}, "deltanet_statecache_per_step_decode_ms": [88.29425500152865, 94.57440900223446, 80.62279400110128, 80.63255299930461, 94.31371000027866, 93.16586999921128, 82.65340800062404], "deltanet_statecache_per_step_logit_max_abs_error": [0.0, 0.10546875, 0.173828125, 0.150390625, 0.162109375, 0.208984375, 0.4306640625, 0.232421875], "deltanet_statecache_post_update_recurrent_mode_overrides": {}, "deltanet_statecache_post_update_recurrent_renorm_interval_overrides": {}, "deltanet_statecache_readout_recurrent_mode_overrides": {}, "deltanet_statecache_readout_recurrent_renorm_interval_overrides": {}, "deltanet_statecache_ready": true, "deltanet_statecache_recurrent_mode_overrides": {}, "deltanet_statecache_recurrent_mode_policy": null, "deltanet_statecache_recurrent_mode_policy_band": null, "deltanet_statecache_recurrent_output_max_abs_error_by_layer": {"0": 0.001953125, "1": 0.0048828125, "10": 0.00479888916015625, "12": 0.004032135009765625, "13": 0.0057525634765625, "14": 0.00799560546875, "16": 0.00310516357421875, "17": 0.003509521484375, "18": 0.0087890625, "2": 0.0078125,