{
  "comparisons": [
    {
      "learned_vs_exact_decode_speedup": 1.3875502532601178,
      "learned_vs_shortlist_decode_speedup": 1.468289185811982,
      "prompt_length": 1024,
      "variants": {
        "exact": {
          "chunk_assembly_ms_step": 0.1957952044904232,
          "decode_ms_per_step": 113.54564782232046,
          "kv_resident_mib": 7.4814453125,
          "m0_fraction": 0.5,
          "m0_pages": 768,
          "m3_fraction": 0.16666666666666666,
          "m3_pages": 256,
          "metadata_read_kib_step": 4344.59765625,
          "mix_ms_step": 43.08278393000364,
          "payload_read_mib_step": 3.34765625,
          "prefill_ms": 427.6088769547641,
          "prepare_ms_step": 0.0,
          "prompt_length": 1024,
          "resident_mib": 11.0283203125,
          "score_ms_step": 43.77379617653787,
          "selector_enabled": false,
          "selector_invocations": 0,
          "selector_ms_total": 0.0,
          "selector_us_per_invocation": null,
          "shortlist_selected_pages": 0,
          "shortlist_total_pages": 0,
          "softmax_ms_step": 2.2187844151630998,
          "unpack_ms_step": 0.0
        },
        "learned_selector": {
          "chunk_assembly_ms_step": 0.20987202879041433,
          "decode_ms_per_step": 81.83173730503768,
          "kv_resident_mib": 9.248046875,
          "m0_fraction": 0.3919270833333333,
          "m0_pages": 602,
          "m3_fraction": 0.6080729166666666,
          "m3_pages": 934,
          "metadata_read_kib_step": 952.359375,
          "mix_ms_step": 25.068223825655878,
          "payload_read_mib_step": 8.501953125,
          "prefill_ms": 424.5690209791064,
          "prepare_ms_step": 0.0,
          "prompt_length": 1024,
          "resident_mib": 13.662109375,
          "score_ms_step": 28.602496720850468,
          "selector_enabled": true,
          "selector_invocations": 1536,
          "selector_ms_total": 41.5725652128458,
          "selector_us_per_invocation": 27.065472143779818,
          "shortlist_selected_pages": 0,
          "shortlist_total_pages": 0,
          "softmax_ms_step": 2.189178019762039,
          "unpack_ms_step": 0.0
        },
        "shortlist_base": {
          "chunk_assembly_ms_step": 0.1971708843484521,
          "decode_ms_per_step": 120.15265494119376,
          "kv_resident_mib": 7.4814453125,
          "m0_fraction": 0.5,
          "m0_pages": 768,
          "m3_fraction": 0.16666666666666666,
          "m3_pages": 256,
          "metadata_read_kib_step": 4344.59765625,
          "mix_ms_step": 44.04210485517979,
          "payload_read_mib_step": 3.34765625,
          "prefill_ms": 431.12732097506523,
          "prepare_ms_step": 0.0,
          "prompt_length": 1024,
          "resident_mib": 11.0283203125,
          "score_ms_step": 45.07808876223862,
          "selector_enabled": false,
          "selector_invocations": 0,
          "selector_ms_total": 0.0,
          "selector_us_per_invocation": null,
          "shortlist_selected_pages": 3120,
          "shortlist_total_pages": 3120,
          "softmax_ms_step": 2.16062820982188,
          "unpack_ms_step": 0.0
        }
      }
    },
    {
      "learned_vs_exact_decode_speedup": 1.3490371841570326,
      "learned_vs_shortlist_decode_speedup": 1.0181503992873877,
      "prompt_length": 2048,
      "variants": {
        "exact": {
          "chunk_assembly_ms_step": 0.2022770931944251,
          "decode_ms_per_step": 153.21260993368924,
          "kv_resident_mib": 14.7939453125,
          "m0_fraction": 0.5,
          "m0_pages": 1536,
          "m3_fraction": 0.16666666666666666,
          "m3_pages": 512,
          "metadata_read_kib_step": 8705.84765625,
          "mix_ms_step": 59.88349998369813,
          "payload_read_mib_step": 6.66015625,
          "prefill_ms": 19.275718834251165,
          "prepare_ms_step": 0.0,
          "prompt_length": 2048,
          "resident_mib": 21.8408203125,
          "score_ms_step": 72.5453324848786,
          "selector_enabled": false,
          "selector_invocations": 0,
          "selector_ms_total": 0.0,
          "selector_us_per_invocation": null,
          "shortlist_selected_pages": 0,
          "shortlist_total_pages": 0,
          "softmax_ms_step": 0.17474440392106771,
          "unpack_ms_step": 0.0
        },
        "learned_selector": {
          "chunk_assembly_ms_step": 0.2121003344655037,
          "decode_ms_per_step": 113.57182124629617,
          "kv_resident_mib": 17.6640625,
          "m0_fraction": 0.4348958333333333,
          "m0_pages": 1336,
          "m3_fraction": 0.5651041666666666,
          "m3_pages": 1736,
          "metadata_read_kib_step": 1962.359375,
          "mix_ms_step": 34.69671297352761,
          "payload_read_mib_step": 16.201171875,
          "prefill_ms": 19.291993230581284,
          "prepare_ms_step": 0.0,
          "prompt_length": 2048,
          "resident_mib": 25.662109375,
          "score_ms_step": 59.75104100070894,
          "selector_enabled": true,
          "selector_invocations": 4608,
          "selector_ms_total": 124.09282941371202,
          "selector_us_per_invocation": 26.929867494295145,
          "shortlist_selected_pages": 0,
          "shortlist_total_pages": 0,
          "softmax_ms_step": 0.16093323938548565,
          "unpack_ms_step": 0.0
        },
        "shortlist_base": {
          "chunk_assembly_ms_step": 0.19737216643989086,
          "decode_ms_per_step": 115.63319514971226,
          "kv_resident_mib": 14.7939453125,
          "m0_fraction": 0.5,
          "m0_pages": 1536,
          "m3_fraction": 0.16666666666666666,
          "m3_pages": 512,
          "metadata_read_kib_step": 5732.53173828125,
          "mix_ms_step": 42.8869022289291,
          "payload_read_mib_step": 4.37890625,
          "prefill_ms": 26.92540269345045,
          "prepare_ms_step": 0.0,
          "prompt_length": 2048,
          "resident_mib": 21.6044921875,
          "score_ms_step": 48.84658311493695,
          "selector_enabled": false,
          "selector_invocations": 0,
          "selector_ms_total": 0.0,
          "selector_us_per_invocation": null,
          "shortlist_selected_pages": 4080,
          "shortlist_total_pages": 6192,
          "softmax_ms_step": 0.16622571274638176,
          "unpack_ms_step": 0.0
        }
      }
    }
  ],
  "inputs": {
    "exact": "benchmarks/results/qwen35_backend_truth_20260402_default_promoted/qwen35_0p8b_dotcache_serving_sweep.jsonl",
    "learned": "benchmarks/results/qwen35_backend_truth_20260402_default_promoted/qwen35_0p8b_dotcache_learned_selector_serving.jsonl",
    "shortlist": "benchmarks/results/qwen35_backend_truth_20260402_default_promoted/qwen35_0p8b_dotcache_shortlist_base_serving.jsonl"
  }
}
