{
  "comparisons": [
    {
      "learned_vs_exact_decode_speedup": 1.418444832619441,
      "learned_vs_shortlist_decode_speedup": 1.5225736632444882,
      "prompt_length": 1024,
      "variants": {
        "exact": {
          "chunk_assembly_ms_step": 0.1956059131771326,
          "decode_ms_per_step": 111.10421060584486,
          "kv_resident_mib": 7.4814453125,
          "m0_fraction": 0.5,
          "m0_pages": 768,
          "m3_fraction": 0.16666666666666666,
          "m3_pages": 256,
          "metadata_read_kib_step": 4344.59765625,
          "mix_ms_step": 42.3204624094069,
          "payload_read_mib_step": 3.34765625,
          "prefill_ms": 405.9452307410538,
          "prepare_ms_step": 0.0,
          "prompt_length": 1024,
          "resident_mib": 11.0283203125,
          "score_ms_step": 43.263297411613166,
          "selector_enabled": false,
          "selector_invocations": 0,
          "selector_ms_total": 0.0,
          "selector_us_per_invocation": null,
          "shortlist_selected_pages": 0,
          "shortlist_total_pages": 0,
          "softmax_ms_step": 2.0078130764886737,
          "unpack_ms_step": 0.0
        },
        "learned_selector": {
          "chunk_assembly_ms_step": 0.21335773635655642,
          "decode_ms_per_step": 78.32818594761193,
          "kv_resident_mib": 9.248046875,
          "m0_fraction": 0.3919270833333333,
          "m0_pages": 602,
          "m3_fraction": 0.6080729166666666,
          "m3_pages": 934,
          "metadata_read_kib_step": 952.359375,
          "mix_ms_step": 23.24440493248403,
          "payload_read_mib_step": 8.501953125,
          "prefill_ms": 440.0254748761654,
          "prepare_ms_step": 0.0,
          "prompt_length": 1024,
          "resident_mib": 13.662109375,
          "score_ms_step": 27.21857640426606,
          "selector_enabled": true,
          "selector_invocations": 1536,
          "selector_ms_total": 40.750110521912575,
          "selector_us_per_invocation": 26.53001987103683,
          "shortlist_selected_pages": 0,
          "shortlist_total_pages": 0,
          "softmax_ms_step": 2.0428806310519576,
          "unpack_ms_step": 0.0
        },
        "shortlist_base": {
          "chunk_assembly_ms_step": 0.19985053222626448,
          "decode_ms_per_step": 119.26043301355094,
          "kv_resident_mib": 7.4814453125,
          "m0_fraction": 0.5,
          "m0_pages": 768,
          "m3_fraction": 0.16666666666666666,
          "m3_pages": 256,
          "metadata_read_kib_step": 4344.59765625,
          "mix_ms_step": 42.94518148526549,
          "payload_read_mib_step": 3.34765625,
          "prefill_ms": 425.29732920229435,
          "prepare_ms_step": 0.0,
          "prompt_length": 1024,
          "resident_mib": 11.0283203125,
          "score_ms_step": 43.89356554020196,
          "selector_enabled": false,
          "selector_invocations": 0,
          "selector_ms_total": 0.0,
          "selector_us_per_invocation": null,
          "shortlist_selected_pages": 3120,
          "shortlist_total_pages": 3120,
          "softmax_ms_step": 2.2255873773247004,
          "unpack_ms_step": 0.0
        }
      }
    },
    {
      "learned_vs_exact_decode_speedup": 1.3752865972018453,
      "learned_vs_shortlist_decode_speedup": 1.0897879917030306,
      "prompt_length": 2048,
      "variants": {
        "exact": {
          "chunk_assembly_ms_step": 0.19438867457211018,
          "decode_ms_per_step": 144.4165431894362,
          "kv_resident_mib": 14.7939453125,
          "m0_fraction": 0.5,
          "m0_pages": 1536,
          "m3_fraction": 0.16666666666666666,
          "m3_pages": 512,
          "metadata_read_kib_step": 8705.84765625,
          "mix_ms_step": 57.52051016315818,
          "payload_read_mib_step": 6.66015625,
          "prefill_ms": 19.283495377749205,
          "prepare_ms_step": 0.0,
          "prompt_length": 2048,
          "resident_mib": 21.8408203125,
          "score_ms_step": 69.63267386890948,
          "selector_enabled": false,
          "selector_invocations": 0,
          "selector_ms_total": 0.0,
          "selector_us_per_invocation": null,
          "shortlist_selected_pages": 0,
          "shortlist_total_pages": 0,
          "softmax_ms_step": 0.15835731755942106,
          "unpack_ms_step": 0.0
        },
        "learned_selector": {
          "chunk_assembly_ms_step": 0.1959330402314663,
          "decode_ms_per_step": 105.00832588877529,
          "kv_resident_mib": 17.6640625,
          "m0_fraction": 0.4348958333333333,
          "m0_pages": 1336,
          "m3_fraction": 0.5651041666666666,
          "m3_pages": 1736,
          "metadata_read_kib_step": 1962.359375,
          "mix_ms_step": 32.06510306335986,
          "payload_read_mib_step": 16.201171875,
          "prefill_ms": 19.785037729889154,
          "prepare_ms_step": 0.0,
          "prompt_length": 2048,
          "resident_mib": 25.662109375,
          "score_ms_step": 56.17666430771351,
          "selector_enabled": true,
          "selector_invocations": 4608,
          "selector_ms_total": 123.345828615129,
          "selector_us_per_invocation": 26.767757945991534,
          "shortlist_selected_pages": 0,
          "shortlist_total_pages": 0,
          "softmax_ms_step": 0.15083537437021732,
          "unpack_ms_step": 0.0
        },
        "shortlist_base": {
          "chunk_assembly_ms_step": 0.19533908925950527,
          "decode_ms_per_step": 114.43681258242577,
          "kv_resident_mib": 14.7939453125,
          "m0_fraction": 0.5,
          "m0_pages": 1536,
          "m3_fraction": 0.16666666666666666,
          "m3_pages": 512,
          "metadata_read_kib_step": 5732.53173828125,
          "mix_ms_step": 42.49731847085059,
          "payload_read_mib_step": 4.37890625,
          "prefill_ms": 19.661414436995983,
          "prepare_ms_step": 0.0,
          "prompt_length": 2048,
          "resident_mib": 21.6044921875,
          "score_ms_step": 48.80175611469895,
          "selector_enabled": false,
          "selector_invocations": 0,
          "selector_ms_total": 0.0,
          "selector_us_per_invocation": null,
          "shortlist_selected_pages": 4080,
          "shortlist_total_pages": 6192,
          "softmax_ms_step": 0.1594483619555831,
          "unpack_ms_step": 0.0
        }
      }
    }
  ],
  "inputs": {
    "exact": "benchmarks/results/qwen35_backend_truth_20260402_min_page_count_1/qwen35_0p8b_dotcache_serving_sweep.jsonl",
    "learned": "benchmarks/results/qwen35_backend_truth_20260402_min_page_count_1/qwen35_0p8b_dotcache_learned_selector_serving.jsonl",
    "shortlist": "benchmarks/results/qwen35_backend_truth_20260402_min_page_count_1/qwen35_0p8b_dotcache_shortlist_base_serving.jsonl"
  }
}
