{
  "comparisons": [
    {
      "learned_vs_exact_decode_speedup": 1.4747400610360595,
      "learned_vs_shortlist_decode_speedup": 1.503698240492677,
      "prompt_length": 1024,
      "variants": {
        "exact": {
          "chunk_assembly_ms_step": 0.2004207344725728,
          "decode_ms_per_step": 115.65324082039297,
          "kv_resident_mib": 7.4814453125,
          "m0_fraction": 0.5,
          "m0_pages": 768,
          "m3_fraction": 0.16666666666666666,
          "m3_pages": 256,
          "metadata_read_kib_step": 4344.59765625,
          "mix_ms_step": 44.23615650739521,
          "payload_read_mib_step": 3.34765625,
          "prefill_ms": 431.3373817130923,
          "prepare_ms_step": 0.0,
          "prompt_length": 1024,
          "resident_mib": 11.0263671875,
          "score_ms_step": 44.043961563147604,
          "selector_enabled": false,
          "selector_invocations": 0,
          "selector_ms_total": 0.0,
          "selector_us_per_invocation": null,
          "shortlist_selected_pages": 0,
          "shortlist_total_pages": 0,
          "softmax_ms_step": 2.269099233672023,
          "unpack_ms_step": 0.0
        },
        "learned_selector": {
          "chunk_assembly_ms_step": 0.21220336202532053,
          "decode_ms_per_step": 78.42279726173729,
          "kv_resident_mib": 9.248046875,
          "m0_fraction": 0.3919270833333333,
          "m0_pages": 602,
          "m3_fraction": 0.6080729166666666,
          "m3_pages": 934,
          "metadata_read_kib_step": 952.359375,
          "mix_ms_step": 23.332750075496733,
          "payload_read_mib_step": 8.501953125,
          "prefill_ms": 431.4787918701768,
          "prepare_ms_step": 0.0,
          "prompt_length": 1024,
          "resident_mib": 13.5732421875,
          "score_ms_step": 27.69421285483986,
          "selector_enabled": true,
          "selector_invocations": 1536,
          "selector_ms_total": 41.00771667435765,
          "selector_us_per_invocation": 26.697732209868263,
          "shortlist_selected_pages": 0,
          "shortlist_total_pages": 0,
          "softmax_ms_step": 2.081958460621536,
          "unpack_ms_step": 1.7575955716893077
        },
        "shortlist_base": {
          "chunk_assembly_ms_step": 0.1952562015503645,
          "decode_ms_per_step": 117.92422225698829,
          "kv_resident_mib": 7.4814453125,
          "m0_fraction": 0.5,
          "m0_pages": 768,
          "m3_fraction": 0.16666666666666666,
          "m3_pages": 256,
          "metadata_read_kib_step": 4344.59765625,
          "mix_ms_step": 43.72347192838788,
          "payload_read_mib_step": 3.34765625,
          "prefill_ms": 469.433531165123,
          "prepare_ms_step": 0.0,
          "prompt_length": 1024,
          "resident_mib": 11.0263671875,
          "score_ms_step": 44.149362365715206,
          "selector_enabled": false,
          "selector_invocations": 0,
          "selector_ms_total": 0.0,
          "selector_us_per_invocation": null,
          "shortlist_selected_pages": 3120,
          "shortlist_total_pages": 3120,
          "softmax_ms_step": 2.213333500549197,
          "unpack_ms_step": 0.0
        }
      }
    },
    {
      "learned_vs_exact_decode_speedup": 1.3532896817793254,
      "learned_vs_shortlist_decode_speedup": 1.0450472135380942,
      "prompt_length": 2048,
      "variants": {
        "exact": {
          "chunk_assembly_ms_step": 0.1990885939449072,
          "decode_ms_per_step": 144.64071404654533,
          "kv_resident_mib": 14.7939453125,
          "m0_fraction": 0.5,
          "m0_pages": 1536,
          "m3_fraction": 0.16666666666666666,
          "m3_pages": 512,
          "metadata_read_kib_step": 8705.84765625,
          "mix_ms_step": 57.658980949781835,
          "payload_read_mib_step": 6.66015625,
          "prefill_ms": 19.34570027515292,
          "prepare_ms_step": 0.0,
          "prompt_length": 2048,
          "resident_mib": 21.8388671875,
          "score_ms_step": 69.5630144327879,
          "selector_enabled": false,
          "selector_invocations": 0,
          "selector_ms_total": 0.0,
          "selector_us_per_invocation": null,
          "shortlist_selected_pages": 0,
          "shortlist_total_pages": 0,
          "softmax_ms_step": 0.16464153304696083,
          "unpack_ms_step": 0.0
        },
        "learned_selector": {
          "chunk_assembly_ms_step": 0.19357469864189625,
          "decode_ms_per_step": 106.88082233536988,
          "kv_resident_mib": 17.6640625,
          "m0_fraction": 0.4348958333333333,
          "m0_pages": 1336,
          "m3_fraction": 0.5651041666666666,
          "m3_pages": 1736,
          "metadata_read_kib_step": 1962.359375,
          "mix_ms_step": 32.33950468711555,
          "payload_read_mib_step": 16.201171875,
          "prefill_ms": 19.178821705281734,
          "prepare_ms_step": 0.0,
          "prompt_length": 2048,
          "resident_mib": 25.5625,
          "score_ms_step": 57.88106739055365,
          "selector_enabled": true,
          "selector_invocations": 4608,
          "selector_ms_total": 122.99948325380683,
          "selector_us_per_invocation": 26.692596192232386,
          "shortlist_selected_pages": 0,
          "shortlist_total_pages": 0,
          "softmax_ms_step": 0.15455472748726606,
          "unpack_ms_step": 5.581945297308266
        },
        "shortlist_base": {
          "chunk_assembly_ms_step": 0.19356445409357548,
          "decode_ms_per_step": 111.6955055622384,
          "kv_resident_mib": 14.7939453125,
          "m0_fraction": 0.5,
          "m0_pages": 1536,
          "m3_fraction": 0.16666666666666666,
          "m3_pages": 512,
          "metadata_read_kib_step": 5732.53173828125,
          "mix_ms_step": 41.687774239107966,
          "payload_read_mib_step": 4.37890625,
          "prefill_ms": 19.4305251352489,
          "prepare_ms_step": 0.0,
          "prompt_length": 2048,
          "resident_mib": 21.6025390625,
          "score_ms_step": 48.026108532212675,
          "selector_enabled": false,
          "selector_invocations": 0,
          "selector_ms_total": 0.0,
          "selector_us_per_invocation": null,
          "shortlist_selected_pages": 4080,
          "shortlist_total_pages": 6192,
          "softmax_ms_step": 0.15901995357125998,
          "unpack_ms_step": 0.0
        }
      }
    }
  ],
  "inputs": {
    "exact": "benchmarks/results/qwen35_backend_truth_20260402_m3_cached/qwen35_0p8b_dotcache_serving_sweep.jsonl",
    "learned": "benchmarks/results/qwen35_backend_truth_20260402_m3_cached/qwen35_0p8b_dotcache_learned_selector_serving.jsonl",
    "shortlist": "benchmarks/results/qwen35_backend_truth_20260402_m3_cached/qwen35_0p8b_dotcache_shortlist_base_serving.jsonl"
  }
}
